69.950,10.00000,0.0000,0.00000,Terrain/Player:(0.000, 1.000);Terrain/Player:(0.000, 1.000);
69.977,10.00816,0.4082,0.00816,Terrain/Player:(0.000, 1.000);Terrain/Player:(0.000, 1.000);
69.980,10.02449,0.8163,0.01633,Terrain/Player:(0.000, 1.000);Terrain/Player:(0.000, 1.000);
70.000,10.04898,1.2245,0.02449,Terrain/Player:(0.000, 1.000);Terrain/Player:(0.000, 1.000);
70.021,10.08163,1.6327,0.03265,Terrain/Player:(0.000, 1.000);Terrain/Player:(0.000, 1.000);
70.040,10.12245,2.0408,0.04082,Terrain/Player:(0.000, 1.000);Terrain/Player:(0.000, 1.000);
70.061,10.17143,2.4490,0.04898,Terrain/Player:(0.000, 1.000);Terrain/Player:(0.000, 1.000);
70.081,10.22857,2.8571,0.05714,Terrain/Player:(0.000, 1.000);Terrain/Player:(0.000, 1.000);
70.100,10.29388,3.2653,0.06531,Terrain/Player:(0.000, 1.000);Terrain/Player:(0.000, 1.000);
70.121,10.36735,3.6735,0.07347,Terrain/Player:(0.000, 1.000);Terrain/Player:(0.000, 1.000);
70.141,10.44898,4.0816,0.08163,Terrain/Player:(0.000, 1.000);Terrain/Player:(0.000, 1.000);
70.161,10.53878,4.4898,0.08980,Terrain/Player:(0.000, 1.000);Terrain/Player:(0.000, 1.000);
70.181,10.63673,4.8980,0.09796,Terrain/Player:(0.000, 1.000);Terrain/Player:(0.000, 1.000);
70.201,10.74286,5.3061,0.10612,Terrain/Player:(0.000, 1.000);Terrain/Player:(0.000, 1.000);
70.221,10.85502,5.6082,0.11216,Terrain/Player:(0.000, 1.000);Terrain/Player:(0.000, 1.000);
70.242,10.96718,5.6082,0.11216,Terrain/Player:(0.000, 1.000);Terrain/Player:(0.000, 1.000);
70.261,11.07935,5.6082,0.11216,Terrain/Player:(0.000, 1.000);Terrain/Player:(0.000, 1.000);
70.282,11.19151,5.6082,0.11216,Terrain/Player:(0.000, 1.000);Terrain/Player:(0.000, 1.000);
70.301,11.30367,5.6082,0.11216,Terrain/Player:(0.000, 1.000);Terrain/Player:(0.000, 1.000);
70.321,11.41584,5.6082,0.11216,Terrain/Player:(0.000, 1.000);Terrain/Player:(0.000, 1.000);
70.342,11.52800,5.6082,0.11216,Terrain/Player:(0.000, 1.000);Terrain/Player:(0.000, 1.000);
70.362,11.64016,5.6082,0.11216,Terrain/Player:(0.000, 1.000);Terrain/Player:(0.000, 1.000);
70.382,11.75233,5.6082,0.11216,Terrain/Player:(0.000, 1.000);Terrain/Player:(0.000, 1.000);
70.400,11.86449,5.6082,0.11216,Terrain/Player:(0.000, 1.000);Terrain/Player:(0.000, 1.000);
70.421,11.97666,5.6082,0.11216,Terrain/Player:(0.000, 1.000);Terrain/Player:(0.000, 1.000);
70.440,12.08882,5.6082,0.11216,Terrain/Player:(0.000, 1.000);Terrain/Player:(0.000, 1.000);
70.461,12.20098,5.6082,0.11216,Terrain/Player:(0.000, 1.000);Terrain/Player:(0.000, 1.000);
70.480,12.31315,5.6082,0.11216,Terrain/Player:(0.000, 1.000);Terrain/Player:(0.000, 1.000);
70.501,12.42531,5.6082,0.11216,Terrain/Player:(0.000, 1.000);Terrain/Player:(0.000, 1.000);
70.521,12.53747,5.6082,0.11216,Terrain/Player:(0.000, 1.000);Terrain/Player:(0.000, 1.000);
70.541,12.64964,5.6082,0.11216,Terrain/Player:(0.000, 1.000);Terrain/Player:(0.000, 1.000);
70.561,12.76180,5.6082,0.11216,Terrain/Player:(0.000, 1.000);Terrain/Player:(0.000, 1.000);
70.582,12.87396,5.6082,0.11216,Terrain/Player:(0.000, 1.000);Terrain/Player:(0.000, 1.000);
70.601,12.98613,5.6082,0.11216,Terrain/Player:(0.000, 1.000);Terrain/Player:(0.000, 1.000);
70.621,13.09829,5.6082,0.11216,Terrain/Player:(0.000, 1.000);Terrain/Player:(0.000, 1.000);
70.641,13.21045,5.6082,0.11216,Terrain/Player:(0.000, 1.000);Terrain/Player:(0.000, 1.000);
70.661,13.32262,5.6082,0.11216,Terrain/Player:(0.000, 1.000);Terrain/Player:(0.000, 1.000);
70.680,13.43478,5.6082,0.11216,Terrain/Player:(0.000, 1.000);Terrain/Player:(0.000, 1.000);
70.702,13.54694,5.6082,0.11216,Terrain/Player:(0.000, 1.000);Terrain/Player:(0.000, 1.000);
70.721,13.65911,5.6082,0.11216,Terrain/Player:(0.000, 1.000);Terrain/Player:(0.000, 1.000);
70.740,13.77127,5.6082,0.11216,Terrain/Player:(0.000, 1.000);Terrain/Player:(0.000, 1.000);
70.761,13.88344,5.6082,0.11216,Terrain/Player:(0.000, 1.000);Terrain/Player:(0.000, 1.000);
70.780,13.99560,5.6082,0.11216,Terrain/Player:(0.000, 1.000);Terrain/Player:(0.000, 1.000);
70.800,14.10776,5.6082,0.11216,Terrain/Player:(0.000, 1.000);Terrain/Player:(0.000, 1.000);
70.821,14.21993,5.6082,0.11216,Terrain/Player:(0.000, 1.000);Terrain/Player:(0.000, 1.000);
70.840,14.33209,5.6082,0.11216,Terrain/Player:(0.000, 1.000);Terrain/Player:(0.000, 1.000);
70.861,14.44425,5.6082,0.11216,Terrain/Player:(0.000, 1.000);Terrain/Player:(0.000, 1.000);
70.880,14.55642,5.6082,0.11216,Terrain/Player:(0.000, 1.000);Terrain/Player:(0.000, 1.000);
70.901,14.66858,5.6082,0.11216,Terrain/Player:(0.000, 1.000);Terrain/Player:(0.000, 1.000);
70.921,14.78074,5.6082,0.11216,Terrain/Player:(0.000, 1.000);Terrain/Player:(0.000, 1.000);
70.941,14.89291,5.6082,0.11216,Terrain/Player:(0.000, 1.000);Terrain/Player:(0.000, 1.000);
70.961,15.00507,5.6082,0.11216,Terrain/Player:(0.000, 1.000);Terrain/Player:(0.000, 1.000);
70.981,15.11723,5.6082,0.11216,Terrain/Player:(0.000, 1.000);Terrain/Player:(0.000, 1.000);
71.001,15.22940,5.6082,0.11216,Terrain/Player:(0.000, 1.000);Terrain/Player:(0.000, 1.000);
71.020,15.34156,5.6082,0.11216,Terrain/Player:(0.000, 1.000);Terrain/Player:(0.000, 1.000);
71.040,15.45372,5.6082,0.11216,Terrain/Player:(0.000, 1.000);Terrain/Player:(0.000, 1.000);
71.061,15.56589,5.6082,0.11216,Terrain/Player:(0.000, 1.000);Terrain/Player:(0.000, 1.000);
71.081,15.67805,5.6082,0.11216,Terrain/Player:(0.000, 1.000);Terrain/Player:(0.000, 1.000);
71.101,15.79022,5.6082,0.11216,Terrain/Player:(0.000, 1.000);Terrain/Player:(0.000, 1.000);
71.123,15.90238,5.6082,0.11216,Terrain/Player:(0.000, 1.000);Terrain/Player:(0.000, 1.000);
71.142,16.01454,5.6082,0.11216,Terrain/Player:(0.000, 1.000);Terrain/Player:(0.000, 1.000);
71.162,16.12671,5.6082,0.11216,Terrain/Player:(0.000, 1.000);Terrain/Player:(0.000, 1.000);
71.181,16.23887,5.6082,0.11216,Terrain/Player:(0.000, 1.000);Terrain/Player:(0.000, 1.000);
71.201,16.35103,5.6082,0.11216,Terrain/Player:(0.000, 1.000);Terrain/Player:(0.000, 1.000);
71.220,16.46320,5.6082,0.11216,Terrain/Player:(0.000, 1.000);Terrain/Player:(0.000, 1.000);
71.241,16.57536,5.6082,0.11216,Terrain/Player:(0.000, 1.000);Terrain/Player:(0.000, 1.000);
71.260,16.68752,5.6082,0.11216,Terrain/Player:(0.000, 1.000);Terrain/Player:(0.000, 1.000);
71.282,16.79969,5.6082,0.11216,Terrain/Player:(0.000, 1.000);Terrain/Player:(0.000, 1.000);
71.300,16.91185,5.6082,0.11216,Terrain/Player:(0.000, 1.000);Terrain/Player:(0.000, 1.000);
71.321,17.02401,5.6082,0.11216,Terrain/Player:(0.000, 1.000);Terrain/Player:(0.000, 1.000);
71.341,17.13618,5.6082,0.11216,Terrain/Player:(0.000, 1.000);Terrain/Player:(0.000, 1.000);
71.360,17.24834,5.6082,0.11216,Terrain/Player:(0.000, 1.000);Terrain/Player:(0.000, 1.000);
71.382,17.36050,5.6082,0.11216,Terrain/Player:(0.000, 1.000);Terrain/Player:(0.000, 1.000);
71.400,17.47267,5.6082,0.11216,Terrain/Player:(0.000, 1.000);Terrain/Player:(0.000, 1.000);
71.420,17.58483,5.6082,0.11216,Terrain/Player:(0.000, 1.000);Terrain/Player:(0.000, 1.000);
71.441,17.69699,5.6082,0.11216,Terrain/Player:(0.000, 1.000);Terrain/Player:(0.000, 1.000);
71.461,17.80916,5.6082,0.11216,Terrain/Player:(0.000, 1.000);Terrain/Player:(0.000, 1.000);
71.480,17.92132,5.6082,0.11216,Terrain/Player:(0.000, 1.000);Terrain/Player:(0.000, 1.000);
71.500,18.03349,5.6082,0.11216,Terrain/Player:(0.000, 1.000);Terrain/Player:(0.000, 1.000);
71.520,18.14565,5.6082,0.11216,Terrain/Player:(0.000, 1.000);Terrain/Player:(0.000, 1.000);
71.540,18.25781,5.6082,0.11216,Terrain/Player:(0.000, 1.000);Terrain/Player:(0.000, 1.000);
71.561,18.36998,5.6082,0.11216,Terrain/Player:(0.000, 1.000);Terrain/Player:(0.000, 1.000);
71.581,18.48214,5.6082,0.11216,Terrain/Player:(0.000, 1.000);Terrain/Player:(0.000, 1.000);
71.601,18.59430,5.6082,0.11216,Terrain/Player:(0.000, 1.000);Terrain/Player:(0.000, 1.000);
71.621,18.70647,5.6082,0.11216,Terrain/Player:(0.000, 1.000);Terrain/Player:(0.000, 1.000);
71.641,18.81863,5.6082,0.11216,Terrain/Player:(0.000, 1.000);Terrain/Player:(0.000, 1.000);
71.660,18.93079,5.6082,0.11216,Terrain/Player:(0.000, 1.000);Terrain/Player:(0.000, 1.000);
71.680,19.04296,5.6082,0.11216,Terrain/Player:(0.000, 1.000);Terrain/Player:(0.000, 1.000);
71.701,19.15512,5.6082,0.11216,Terrain/Player:(0.000, 1.000);Terrain/Player:(0.000, 1.000);
71.721,19.26728,5.6082,0.11216,Terrain/Player:(0.000, 1.000);Terrain/Player:(0.000, 1.000);
71.740,19.37945,5.6082,0.11216,Terrain/Player:(0.000, 1.000);Terrain/Player:(0.000, 1.000);
71.761,19.49161,5.6082,0.11216,Terrain/Player:(0.000, 1.000);Terrain/Player:(0.000, 1.000);
71.781,19.60378,5.6082,0.11216,Terrain/Player:(0.000, 1.000);Terrain/Player:(0.000, 1.000);
71.801,19.71594,5.6082,0.11216,Terrain/Player:(0.000, 1.000);Terrain/Player:(0.000, 1.000);
71.820,19.82810,5.6082,0.11216,Terrain/Player:(0.000, 1.000);Terrain/Player:(0.000, 1.000);
71.841,19.94027,5.6082,0.11216,Terrain/Player:(0.000, 1.000);Terrain/Player:(0.000, 1.000);
71.860,20.05243,5.6082,0.11216,Terrain/Player:(0.000, 1.000);Terrain/Player:(0.000, 1.000);
71.882,20.16459,5.6082,0.11216,Terrain/Player:(0.000, 1.000);Terrain/Player:(0.000, 1.000);
71.901,20.27676,5.6082,0.11216,Terrain/Player:(0.000, 1.000);Terrain/Player:(0.000, 1.000);
71.921,20.38892,5.6082,0.11216,Terrain/Player:(0.000, 1.000);Terrain/Player:(0.000, 1.000);
71.940,20.50108,5.6082,0.11216,Terrain/Player:(0.000, 1.000);Terrain/Player:(0.000, 1.000);
71.961,20.61325,5.6082,0.11216,Terrain/Player:(0.000, 1.000);Terrain/Player:(0.000, 1.000);
71.981,20.72541,5.6082,0.11216,Terrain/Player:(0.000, 1.000);Terrain/Player:(0.000, 1.000);
72.001,20.83757,5.6082,0.11216,Terrain/Player:(0.000, 1.000);Terrain/Player:(0.000, 1.000);
72.021,20.94974,5.6082,0.11216,Terrain/Player:(0.000, 1.000);Terrain/Player:(0.000, 1.000);
72.041,21.06190,5.6082,0.11216,Terrain/Player:(0.000, 1.000);Terrain/Player:(0.000, 1.000);
72.063,21.17406,5.6082,0.11216,Terrain/Player:(0.000, 1.000);Terrain/Player:(0.000, 1.000);
72.081,21.28623,5.6082,0.11216,Terrain/Player:(0.000, 1.000);Terrain/Player:(0.000, 1.000);
72.103,21.39839,5.6082,0.11216,Terrain/Player:(0.000, 1.000);Terrain/Player:(0.000, 1.000);
72.124,21.51056,5.6082,0.11216,Terrain/Player:(0.000, 1.000);Terrain/Player:(0.000, 1.000);
72.141,21.62272,5.6082,0.11216,Terrain/Player:(0.000, 1.000);Terrain/Player:(0.000, 1.000);
72.161,21.73488,5.6082,0.11216,Terrain/Player:(0.000, 1.000);Terrain/Player:(0.000, 1.000);
72.183,21.84705,5.6082,0.11216,Terrain/Player:(0.000, 1.000);Terrain/Player:(0.000, 1.000);
72.200,21.95921,5.6082,0.11216,Terrain/Player:(0.000, 1.000);Terrain/Player:(0.000, 1.000);
72.221,22.07137,5.6082,0.11216,Terrain/Player:(0.000, 1.000);Terrain/Player:(0.000, 1.000);
72.241,22.18354,5.6082,0.11216,Terrain/Player:(0.000, 1.000);Terrain/Player:(0.000, 1.000);
72.261,22.29570,5.6082,0.11216,Terrain/Player:(0.000, 1.000);Terrain/Player:(0.000, 1.000);
72.281,22.40786,5.6082,0.11216,Terrain/Player:(0.000, 1.000);Terrain/Player:(0.000, 1.000);
72.301,22.52003,5.6082,0.11216,Terrain/Player:(0.000, 1.000);Terrain/Player:(0.000, 1.000);
72.321,22.63219,5.6082,0.11216,Terrain/Player:(0.000, 1.000);Terrain/Player:(0.000, 1.000);
72.341,22.74435,5.6082,0.11216,Terrain/Player:(0.000, 1.000);Terrain/Player:(0.000, 1.000);
72.361,22.85652,5.6082,0.11216,Terrain/Player:(0.000, 1.000);Terrain/Player:(0.000, 1.000);
72.404,23.08084,5.6082,0.22433,Terrain/Player:(0.000, 1.000);Terrain/Player:(0.000, 1.000);
72.421,23.19301,5.6082,0.11216,Terrain/Player:(0.000, 1.000);Terrain/Player:(0.000, 1.000);
72.441,23.30517,5.6082,0.11216,Terrain/Player:(0.000, 1.000);Terrain/Player:(0.000, 1.000);
72.461,23.41734,5.6082,0.11216,Terrain/Player:(0.000, 1.000);Terrain/Player:(0.000, 1.000);
72.480,23.52950,5.6082,0.11216,Terrain/Player:(0.000, 1.000);Terrain/Player:(0.000, 1.000);
72.501,23.64166,5.6082,0.11216,Terrain/Player:(0.000, 1.000);Terrain/Player:(0.000, 1.000);
72.521,23.75383,5.6082,0.11216,Terrain/Player:(0.000, 1.000);Terrain/Player:(0.000, 1.000);
72.541,23.86599,5.6082,0.11216,Terrain/Player:(0.000, 1.000);Terrain/Player:(0.000, 1.000);
72.560,23.97815,5.6082,0.11216,Terrain/Player:(0.000, 1.000);Terrain/Player:(0.000, 1.000);
72.580,24.09032,5.6082,0.11216,Terrain/Player:(0.000, 1.000);Terrain/Player:(0.000, 1.000);
72.601,24.20248,5.6082,0.11216,Terrain/Player:(0.000, 1.000);Terrain/Player:(0.000, 1.000);
72.620,24.31464,5.6082,0.11216,Terrain/Player:(0.000, 1.000);Terrain/Player:(0.000, 1.000);
72.641,24.42681,5.6082,0.11216,Terrain/Player:(0.000, 1.000);Terrain/Player:(0.000, 1.000);
72.661,24.53897,5.6082,0.11216,Terrain/Player:(0.000, 1.000);Terrain/Player:(0.000, 1.000);
72.681,24.65113,5.6082,0.11216,Terrain/Player:(0.000, 1.000);Terrain/Player:(0.000, 1.000);
72.701,24.76330,5.6082,0.11216,Terrain/Player:(0.000, 1.000);Terrain/Player:(0.000, 1.000);
72.720,24.87546,5.6082,0.11216,Terrain/Player:(0.000, 1.000);Terrain/Player:(0.000, 1.000);
72.741,24.98763,5.6082,0.11216,Terrain/Player:(0.000, 1.000);Terrain/Player:(0.000, 1.000);
72.761,25.09979,5.6082,0.11216,Terrain/Player:(0.000, 1.000);Terrain/Player:(0.000, 1.000);
72.781,25.21195,5.6082,0.11216,Terrain/Player:(0.000, 1.000);Terrain/Player:(0.000, 1.000);
72.801,25.32412,5.6082,0.11216,Terrain/Player:(0.000, 1.000);Terrain/Player:(0.000, 1.000);
72.820,25.43628,5.6082,0.11216,Terrain/Player:(0.000, 1.000);Terrain/Player:(0.000, 1.000);
72.841,25.54844,5.6082,0.11216,Terrain/Player:(0.000, 1.000);Terrain/Player:(0.000, 1.000);
72.862,25.66061,5.6082,0.11216,Terrain/Player:(0.000, 1.000);Terrain/Player:(0.000, 1.000);
72.881,25.77277,5.6082,0.11216,Terrain/Player:(0.000, 1.000);Terrain/Player:(0.000, 1.000);
72.901,25.88493,5.6082,0.11216,Terrain/Player:(0.000, 1.000);Terrain/Player:(0.000, 1.000);
72.921,25.99710,5.6082,0.11216,Terrain/Player:(0.000, 1.000);Terrain/Player:(0.000, 1.000);
72.942,26.10926,5.6082,0.11216,Terrain/Player:(0.000, 1.000);Terrain/Player:(0.000, 1.000);
72.960,26.22142,5.6082,0.11216,Terrain/Player:(0.000, 1.000);Terrain/Player:(0.000, 1.000);
72.980,26.33359,5.6082,0.11216,Terrain/Player:(0.000, 1.000);Terrain/Player:(0.000, 1.000);
73.000,26.44575,5.6082,0.11216,Terrain/Player:(0.000, 1.000);Terrain/Player:(0.000, 1.000);
73.021,26.55791,5.6082,0.11216,Terrain/Player:(0.000, 1.000);Terrain/Player:(0.000, 1.000);
73.041,26.67008,5.6082,0.11216,Terrain/Player:(0.000, 1.000);Terrain/Player:(0.000, 1.000);
73.061,26.78224,5.6082,0.11216,Terrain/Player:(0.000, 1.000);Terrain/Player:(0.000, 1.000);
73.081,26.89441,5.6082,0.11216,Terrain/Player:(0.000, 1.000);Terrain/Player:(0.000, 1.000);
73.101,27.00657,5.6082,0.11216,Terrain/Player:(0.000, 1.000);Terrain/Player:(0.000, 1.000);
73.121,27.11873,5.6082,0.11216,Terrain/Player:(0.000, 1.000);Terrain/Player:(0.000, 1.000);
73.141,27.23090,5.6082,0.11216,Terrain/Player:(0.000, 1.000);Terrain/Player:(0.000, 1.000);
73.160,27.34306,5.6082,0.11216,Terrain/Player:(0.000, 1.000);Terrain/Player:(0.000, 1.000);
73.181,27.45522,5.6082,0.11216,Terrain/Player:(0.000, 1.000);Terrain/Player:(0.000, 1.000);
73.200,27.56739,5.6082,0.11216,Terrain/Player:(0.000, 1.000);Terrain/Player:(0.000, 1.000);
73.220,27.67955,5.6082,0.11216,Terrain/Player:(0.000, 1.000);Terrain/Player:(0.000, 1.000);
73.242,27.79171,5.6082,0.11216,Terrain/Player:(0.000, 1.000);Terrain/Player:(0.000, 1.000);
73.260,27.90388,5.6082,0.11216,Terrain/Player:(0.000, 1.000);Terrain/Player:(0.000, 1.000);
73.280,28.01604,5.6082,0.11216,Terrain/Player:(0.000, 1.000);Terrain/Player:(0.000, 1.000);
73.301,28.12820,5.6082,0.11216,Terrain/Player:(0.000, 1.000);Terrain/Player:(0.000, 1.000);
73.320,28.24037,5.6082,0.11216,Terrain/Player:(0.000, 1.000);Terrain/Player:(0.000, 1.000);
73.341,28.35253,5.6082,0.11216,Terrain/Player:(0.000, 1.000);Terrain/Player:(0.000, 1.000);
73.360,28.46469,5.6082,0.11216,Terrain/Player:(0.000, 1.000);Terrain/Player:(0.000, 1.000);
73.380,28.57686,5.6082,0.11216,Terrain/Player:(0.000, 1.000);Terrain/Player:(0.000, 1.000);
73.400,28.68902,5.6082,0.11216,Terrain/Player:(0.000, 1.000);Terrain/Player:(0.000, 1.000);
73.421,28.80119,5.6082,0.11216,Terrain/Player:(0.000, 1.000);Terrain/Player:(0.000, 1.000);
73.441,28.91335,5.6082,0.11216,Terrain/Player:(0.000, 1.000);Terrain/Player:(0.000, 1.000);
73.460,29.02551,5.6082,0.11216,Terrain/Player:(0.000, 1.000);Terrain/Player:(0.000, 1.000);
73.480,29.13768,5.6082,0.11216,Terrain/Player:(0.000, 1.000);Terrain/Player:(0.000, 1.000);
73.501,29.24984,5.6082,0.11216,Terrain/Player:(0.000, 1.000);Terrain/Player:(0.000, 1.000);
73.520,29.36200,5.6082,0.11216,Terrain/Player:(0.000, 1.000);Terrain/Player:(0.000, 1.000);
73.541,29.47417,5.6082,0.11216,Terrain/Player:(0.000, 1.000);Terrain/Player:(0.000, 1.000);
73.560,29.58633,5.6082,0.11216,Terrain/Player:(0.000, 1.000);Terrain/Player:(0.000, 1.000);
73.582,29.69849,5.6082,0.11216,Terrain/Player:(0.000, 1.000);Terrain/Player:(0.000, 1.000);
73.601,29.81066,5.6082,0.11216,Terrain/Player:(0.000, 1.000);Terrain/Player:(0.000, 1.000);
73.621,29.92282,5.6082,0.11216,Terrain/Player:(0.000, 1.000);Terrain/Player:(0.000, 1.000);
73.641,30.03498,5.6082,0.11216,Terrain/Player:(0.000, 1.000);Terrain/Player:(0.000, 1.000);
73.661,30.14715,5.6082,0.11216,Terrain/Player:(0.000, 1.000);Terrain/Player:(0.000, 1.000);
73.681,30.25931,5.6082,0.11216,Terrain/Player:(0.000, 1.000);Terrain/Player:(0.000, 1.000);
73.701,30.37148,5.6082,0.11216,Terrain/Player:(0.000, 1.000);Terrain/Player:(0.000, 1.000);
73.721,30.48364,5.6082,0.11216,Terrain/Player:(0.000, 1.000);Terrain/Player:(0.000, 1.000);
73.741,30.59580,5.6082,0.11216,Terrain/Player:(0.000, 1.000);Terrain/Player:(0.000, 1.000);
73.761,30.70797,5.6082,0.11216,Terrain/Player:(0.000, 1.000);Terrain/Player:(0.000, 1.000);
73.781,30.82013,5.6082,0.11216,Terrain/Player:(0.000, 1.000);Terrain/Player:(0.000, 1.000);
73.801,30.93229,5.6082,0.11216,Terrain/Player:(0.000, 1.000);Terrain/Player:(0.000, 1.000);
73.821,31.04446,5.6082,0.11216,Terrain/Player:(0.000, 1.000);Terrain/Player:(0.000, 1.000);
73.841,31.15662,5.6082,0.11216,Terrain/Player:(0.000, 1.000);Terrain/Player:(0.000, 1.000);
73.861,31.26878,5.6082,0.11216,Terrain/Player:(0.000, 1.000);Terrain/Player:(0.000, 1.000);
73.881,31.38095,5.6082,0.11216,Terrain/Player:(0.000, 1.000);Terrain/Player:(0.000, 1.000);
73.900,31.49311,5.6082,0.11216,Terrain/Player:(0.000, 1.000);Terrain/Player:(0.000, 1.000);
73.920,31.60527,5.6082,0.11216,Terrain/Player:(0.000, 1.000);Terrain/Player:(0.000, 1.000);
73.941,31.71744,5.6082,0.11216,Terrain/Player:(0.000, 1.000);Terrain/Player:(0.000, 1.000);
73.961,31.82960,5.6082,0.11216,Terrain/Player:(0.000, 1.000);Terrain/Player:(0.000, 1.000);
73.981,31.94176,5.6082,0.11216,Terrain/Player:(0.000, 1.000);Terrain/Player:(0.000, 1.000);
74.000,32.05393,5.6082,0.11216,Terrain/Player:(0.000, 1.000);Terrain/Player:(0.000, 1.000);
74.021,32.16609,5.6082,0.11216,Terrain/Player:(0.000, 1.000);Terrain/Player:(0.000, 1.000);
74.040,32.27826,5.6082,0.11216,Terrain/Player:(0.000, 1.000);Terrain/Player:(0.000, 1.000);
74.060,32.39042,5.6082,0.11216,Terrain/Player:(0.000, 1.000);Terrain/Player:(0.000, 1.000);
74.080,32.50258,5.6082,0.11216,Terrain/Player:(0.000, 1.000);Terrain/Player:(0.000, 1.000);
74.101,32.61475,5.6082,0.11216,Terrain/Player:(0.000, 1.000);Terrain/Player:(0.000, 1.000);
74.121,32.72691,5.6082,0.11216,Terrain/Player:(0.000, 1.000);Terrain/Player:(0.000, 1.000);
74.141,32.83907,5.6082,0.11216,Terrain/Player:(0.000, 1.000);Terrain/Player:(0.000, 1.000);
74.160,32.95124,5.6082,0.11216,Terrain/Player:(0.000, 1.000);Terrain/Player:(0.000, 1.000);
74.181,33.06340,5.6082,0.11216,Terrain/Player:(0.000, 1.000);Terrain/Player:(0.000, 1.000);
74.201,33.17556,5.6082,0.11216,Terrain/Player:(0.000, 1.000);Terrain/Player:(0.000, 1.000);
74.221,33.28773,5.6082,0.11216,Terrain/Player:(0.000, 1.000);Terrain/Player:(0.000, 1.000);
74.241,33.39989,5.6082,0.11216,Terrain/Player:(0.000, 1.000);Terrain/Player:(0.000, 1.000);
74.261,33.51205,5.6082,0.11216,Terrain/Player:(0.000, 1.000);Terrain/Player:(0.000, 1.000);
74.280,33.62422,5.6082,0.11216,Terrain/Player:(0.000, 1.000);Terrain/Player:(0.000, 1.000);
74.300,33.73638,5.6082,0.11216,Terrain/Player:(0.000, 1.000);Terrain/Player:(0.000, 1.000);
74.320,33.84855,5.6082,0.11216,Terrain/Player:(0.000, 1.000);Terrain/Player:(0.000, 1.000);
74.341,33.96071,5.6082,0.11216,Terrain/Player:(0.000, 1.000);Terrain/Player:(0.000, 1.000);
74.360,34.07287,5.6082,0.11216,Terrain/Player:(0.000, 1.000);Terrain/Player:(0.000, 1.000);
74.380,34.18504,5.6082,0.11216,Terrain/Player:(0.000, 1.000);Terrain/Player:(0.000, 1.000);
74.401,34.29720,5.6082,0.11216,Terrain/Player:(0.000, 1.000);Terrain/Player:(0.000, 1.000);
74.420,34.40936,5.6082,0.11216,Terrain/Player:(0.000, 1.000);Terrain/Player:(0.000, 1.000);
74.476,34.63369,5.6082,0.22433,Terrain/Player:(0.000, 1.000);Terrain/Player:(0.000, 1.000);
74.480,34.74585,5.6082,0.11216,Terrain/Player:(0.000, 1.000);Terrain/Player:(0.000, 1.000);
74.500,34.85802,5.6082,0.11216,Terrain/Player:(0.000, 1.000);Terrain/Player:(0.000, 1.000);
74.523,34.97018,5.6082,0.11216,Terrain/Player:(0.000, 1.000);Terrain/Player:(0.000, 1.000);
74.540,35.08234,5.6082,0.11216,Terrain/Player:(0.000, 1.000);Terrain/Player:(0.000, 1.000);
74.561,35.19451,5.6082,0.11216,Terrain/Player:(0.000, 1.000);Terrain/Player:(0.000, 1.000);
74.581,35.30667,5.6082,0.11216,Terrain/Player:(0.000, 1.000);Terrain/Player:(0.000, 1.000);
74.601,35.41883,5.6082,0.11216,Terrain/Player:(0.000, 1.000);Terrain/Player:(0.000, 1.000);
74.625,35.53100,5.6082,0.11216,Terrain/Player:(0.000, 1.000);Terrain/Player:(0.000, 1.000);
74.642,35.64316,5.6082,0.11216,Terrain/Player:(0.000, 1.000);Terrain/Player:(0.000, 1.000);
74.677,35.75533,5.6082,0.11216,Terrain/Player:(0.000, 1.000);Terrain/Player:(0.000, 1.000);
74.681,35.86749,5.6082,0.11216,Terrain/Player:(0.000, 1.000);Terrain/Player:(0.000, 1.000);
74.705,35.97965,5.6082,0.11216,Terrain/Player:(0.000, 1.000);Terrain/Player:(0.000, 1.000);
74.721,36.09182,5.6082,0.11216,Terrain/Player:(0.000, 1.000);Terrain/Player:(0.000, 1.000);
74.741,36.20398,5.6082,0.11216,Terrain/Player:(0.000, 1.000);Terrain/Player:(0.000, 1.000);
74.771,36.31614,5.6082,0.11216,Terrain/Player:(0.000, 1.000);Terrain/Player:(0.000, 1.000);
74.781,36.42831,5.6082,0.11216,Terrain/Player:(0.000, 1.000);Terrain/Player:(0.000, 1.000);
74.800,36.54047,5.6082,0.11216,Terrain/Player:(0.000, 1.000);Terrain/Player:(0.000, 1.000);
74.830,36.65263,5.6082,0.11216,Terrain/Player:(0.000, 1.000);Terrain/Player:(0.000, 1.000);
74.841,36.76480,5.6082,0.11216,Terrain/Player:(0.000, 1.000);Terrain/Player:(0.000, 1.000);
74.860,36.87696,5.6082,0.11216,Terrain/Player:(0.000, 1.000);Terrain/Player:(0.000, 1.000);
74.881,36.98912,5.6082,0.11216,Terrain/Player:(0.000, 1.000);Terrain/Player:(0.000, 1.000);
74.901,37.10129,5.6082,0.11216,Terrain/Player:(0.000, 1.000);Terrain/Player:(0.000, 1.000);
74.921,37.21345,5.6082,0.11216,Terrain/Player:(0.000, 1.000);Terrain/Player:(0.000, 1.000);
74.940,37.32561,5.6082,0.11216,Terrain/Player:(0.000, 1.000);Terrain/Player:(0.000, 1.000);
74.961,37.43778,5.6082,0.11216,Terrain/Player:(0.000, 1.000);Terrain/Player:(0.000, 1.000);
74.981,37.54994,5.6082,0.11216,Terrain/Player:(0.000, 1.000);Terrain/Player:(0.000, 1.000);
75.000,37.66211,5.6082,0.11216,Terrain/Player:(0.000, 1.000);Terrain/Player:(0.000, 1.000);
75.021,37.77427,5.6082,0.11216,Terrain/Player:(0.000, 1.000);Terrain/Player:(0.000, 1.000);
75.041,37.88643,5.6082,0.11216,Terrain/Player:(0.000, 1.000);Terrain/Player:(0.000, 1.000);
75.060,37.99860,5.6082,0.11216,Terrain/Player:(0.000, 1.000);Terrain/Player:(0.000, 1.000);
75.080,38.11076,5.6082,0.11216,Terrain/Player:(0.000, 1.000);Terrain/Player:(0.000, 1.000);
75.101,38.22292,5.6082,0.11216,Terrain/Player:(0.000, 1.000);Terrain/Player:(0.000, 1.000);
75.120,38.33509,5.6082,0.11216,Terrain/Player:(0.000, 1.000);Terrain/Player:(0.000, 1.000);
75.140,38.44725,5.6082,0.11216,Terrain/Player:(0.000, 1.000);Terrain/Player:(0.000, 1.000);
75.161,38.55941,5.6082,0.11216,Terrain/Player:(0.000, 1.000);Terrain/Player:(0.000, 1.000);
75.181,38.67158,5.6082,0.11216,Terrain/Player:(0.000, 1.000);Terrain/Player:(0.000, 1.000);
75.200,38.78374,5.6082,0.11216,Terrain/Player:(0.000, 1.000);Terrain/Player:(0.000, 1.000);
75.221,38.89590,5.6082,0.11216,Terrain/Player:(0.000, 1.000);Terrain/Player:(0.000, 1.000);
75.241,39.00807,5.6082,0.11216,Terrain/Player:(0.000, 1.000);Terrain/Player:(0.000, 1.000);
75.262,39.12023,5.6082,0.11216,Terrain/Player:(0.000, 1.000);Terrain/Player:(0.000, 1.000);
75.280,39.23240,5.6082,0.11216,Terrain/Player:(0.000, 1.000);Terrain/Player:(0.000, 1.000);
75.301,39.34456,5.6082,0.11216,Terrain/Player:(0.000, 1.000);Terrain/Player:(0.000, 1.000);
75.321,39.45672,5.6082,0.11216,Terrain/Player:(0.000, 1.000);Terrain/Player:(0.000, 1.000);
75.341,39.56889,5.6082,0.11216,Terrain/Player:(0.000, 1.000);Terrain/Player:(0.000, 1.000);
75.361,39.68105,5.6082,0.11216,Terrain/Player:(0.000, 1.000);Terrain/Player:(0.000, 1.000);
75.381,39.79321,5.6082,0.11216,Terrain/Player:(0.000, 1.000);Terrain/Player:(0.000, 1.000);
75.400,39.90538,5.6082,0.11216,Terrain/Player:(0.000, 1.000);Terrain/Player:(0.000, 1.000);
75.420,40.01754,5.6082,0.11216,Terrain/Player:(0.000, 1.000);Terrain/Player:(0.000, 1.000);
75.440,40.12970,5.6082,0.11216,Terrain/Player:(0.000, 1.000);Terrain/Player:(0.000, 1.000);
75.460,40.24187,5.6082,0.11216,Terrain/Player:(0.000, 1.000);Terrain/Player:(0.000, 1.000);
75.481,40.35403,5.6082,0.11216,Terrain/Player:(0.000, 1.000);Terrain/Player:(0.000, 1.000);
75.501,40.46619,5.6082,0.11216,Terrain/Player:(0.000, 1.000);Terrain/Player:(0.000, 1.000);
75.521,40.57836,5.6082,0.11216,Terrain/Player:(0.000, 1.000);Terrain/Player:(0.000, 1.000);
75.541,40.69052,5.6082,0.11216,Terrain/Player:(0.000, 1.000);Terrain/Player:(0.000, 1.000);
75.562,40.80268,5.6082,0.11216,Terrain/Player:(0.000, 1.000);Terrain/Player:(0.000, 1.000);
75.580,40.91485,5.6082,0.11216,Terrain/Player:(0.000, 1.000);Terrain/Player:(0.000, 1.000);
75.601,41.02701,5.6082,0.11216,Terrain/Player:(0.000, 1.000);Terrain/Player:(0.000, 1.000);
75.621,41.13918,5.6082,0.11216,Terrain/Player:(0.000, 1.000);Terrain/Player:(0.000, 1.000);
75.641,41.25134,5.6082,0.11216,Terrain/Player:(0.000, 1.000);Terrain/Player:(0.000, 1.000);
75.660,41.36350,5.6082,0.11216,Terrain/Player:(0.000, 1.000);Terrain/Player:(0.000, 1.000);
75.681,41.47567,5.6082,0.11216,Terrain/Player:(0.000, 1.000);Terrain/Player:(0.000, 1.000);
75.701,41.58783,5.6082,0.11216,Terrain/Player:(0.000, 1.000);Terrain/Player:(0.000, 1.000);
75.721,41.69999,5.6082,0.11216,Terrain/Player:(0.000, 1.000);Terrain/Player:(0.000, 1.000);
75.741,41.81216,5.6082,0.11216,Terrain/Player:(0.000, 1.000);Terrain/Player:(0.000, 1.000);
75.761,41.92432,5.6082,0.11216,Terrain/Player:(0.000, 1.000);Terrain/Player:(0.000, 1.000);
75.780,42.03648,5.6082,0.11216,Terrain/Player:(0.000, 1.000);Terrain/Player:(0.000, 1.000);
75.801,42.14865,5.6082,0.11216,Terrain/Player:(0.000, 1.000);Terrain/Player:(0.000, 1.000);
75.821,42.26081,5.6082,0.11216,Terrain/Player:(0.000, 1.000);Terrain/Player:(0.000, 1.000);
75.841,42.37297,5.6082,0.11216,Terrain/Player:(0.000, 1.000);Terrain/Player:(0.000, 1.000);
75.861,42.48514,5.6082,0.11216,Terrain/Player:(0.000, 1.000);Terrain/Player:(0.000, 1.000);
75.881,42.59730,5.6082,0.11216,Terrain/Player:(0.000, 1.000);Terrain/Player:(0.000, 1.000);
75.900,42.70947,5.6082,0.11216,Terrain/Player:(0.000, 1.000);Terrain/Player:(0.000, 1.000);
75.920,42.82163,5.6082,0.11216,Terrain/Player:(0.000, 1.000);Terrain/Player:(0.000, 1.000);
75.940,42.93379,5.6082,0.11216,Terrain/Player:(0.000, 1.000);Terrain/Player:(0.000, 1.000);
75.961,43.04596,5.6082,0.11216,Terrain/Player:(0.000, 1.000);Terrain/Player:(0.000, 1.000);
75.980,43.15812,5.6082,0.11216,Terrain/Player:(0.000, 1.000);Terrain/Player:(0.000, 1.000);
76.001,43.27028,5.6082,0.11216,Terrain/Player:(0.000, 1.000);Terrain/Player:(0.000, 1.000);
76.021,43.38245,5.6082,0.11216,Terrain/Player:(0.000, 1.000);Terrain/Player:(0.000, 1.000);
76.041,43.49461,5.6082,0.11216,Terrain/Player:(0.000, 1.000);Terrain/Player:(0.000, 1.000);
76.060,43.60677,5.6082,0.11216,Terrain/Player:(0.000, 1.000);Terrain/Player:(0.000, 1.000);
76.081,43.71894,5.6082,0.11216,Terrain/Player:(0.000, 1.000);Terrain/Player:(0.000, 1.000);
76.101,43.83110,5.6082,0.11216,Terrain/Player:(0.000, 1.000);Terrain/Player:(0.000, 1.000);
76.121,43.94326,5.6082,0.11216,Terrain/Player:(0.000, 1.000);Terrain/Player:(0.000, 1.000);
76.141,44.05543,5.6082,0.11216,Terrain/Player:(0.000, 1.000);Terrain/Player:(0.000, 1.000);
76.161,44.16759,5.6082,0.11216,Terrain/Player:(0.000, 1.000);Terrain/Player:(0.000, 1.000);
76.180,44.27975,5.6082,0.11216,Terrain/Player:(0.000, 1.000);Terrain/Player:(0.000, 1.000);
76.201,44.39192,5.6082,0.11216,Terrain/Player:(0.000, 1.000);Terrain/Player:(0.000, 1.000);
76.222,44.50408,5.6082,0.11216,Terrain/Player:(0.000, 1.000);Terrain/Player:(0.000, 1.000);
76.241,44.61625,5.6082,0.11216,Terrain/Player:(0.000, 1.000);Terrain/Player:(0.000, 1.000);
76.261,44.72841,5.6082,0.11216,Terrain/Player:(0.000, 1.000);Terrain/Player:(0.000, 1.000);
76.281,44.84057,5.6082,0.11216,Terrain/Player:(0.000, 1.000);Terrain/Player:(0.000, 1.000);
76.300,44.95274,5.6082,0.11216,Terrain/Player:(0.000, 1.000);Terrain/Player:(0.000, 1.000);
76.320,45.06490,5.6082,0.11216,Terrain/Player:(0.000, 1.000);Terrain/Player:(0.000, 1.000);
76.341,45.17706,5.6082,0.11216,Terrain/Player:(0.000, 1.000);Terrain/Player:(0.000, 1.000);
76.360,45.28923,5.6082,0.11216,Terrain/Player:(0.000, 1.000);Terrain/Player:(0.000, 1.000);
76.380,45.40139,5.6082,0.11216,Terrain/Player:(0.000, 1.000);Terrain/Player:(0.000, 1.000);
76.401,45.51355,5.6082,0.11216,Terrain/Player:(0.000, 1.000);Terrain/Player:(0.000, 1.000);
76.421,45.62572,5.6082,0.11216,Terrain/Player:(0.000, 1.000);Terrain/Player:(0.000, 1.000);
76.440,45.73788,5.6082,0.11216,Terrain/Player:(0.000, 1.000);Terrain/Player:(0.000, 1.000);
76.460,45.85004,5.6082,0.11216,Terrain/Player:(0.000, 1.000);Terrain/Player:(0.000, 1.000);
76.482,45.96221,5.6082,0.11216,Terrain/Player:(0.000, 1.000);Terrain/Player:(0.000, 1.000);
76.501,46.07437,5.6082,0.11216,Terrain/Player:(0.000, 1.000);Terrain/Player:(0.000, 1.000);
76.521,46.18653,5.6082,0.11216,Terrain/Player:(0.000, 1.000);Terrain/Player:(0.000, 1.000);
76.541,46.29870,5.6082,0.11216,Terrain/Player:(0.000, 1.000);Terrain/Player:(0.000, 1.000);
76.561,46.41086,5.6082,0.11216,Terrain/Player:(0.000, 1.000);Terrain/Player:(0.000, 1.000);
76.581,46.52303,5.6082,0.11216,Terrain/Player:(0.000, 1.000);Terrain/Player:(0.000, 1.000);
76.600,46.63519,5.6082,0.11216,Terrain/Player:(0.000, 1.000);Terrain/Player:(0.000, 1.000);
76.620,46.74735,5.6082,0.11216,Terrain/Player:(0.000, 1.000);Terrain/Player:(0.000, 1.000);
76.641,46.85952,5.6082,0.11216,Terrain/Player:(0.000, 1.000);Terrain/Player:(0.000, 1.000);
76.661,46.97168,5.6082,0.11216,Terrain/Player:(0.000, 1.000);Terrain/Player:(0.000, 1.000);
76.681,47.08384,5.6082,0.11216,Terrain/Player:(0.000, 1.000);Terrain/Player:(0.000, 1.000);
76.701,47.19601,5.6082,0.11216,Terrain/Player:(0.000, 1.000);Terrain/Player:(0.000, 1.000);
76.721,47.30817,5.6082,0.11216,Terrain/Player:(0.000, 1.000);Terrain/Player:(0.000, 1.000);
76.741,47.42033,5.6082,0.11216,Terrain/Player:(0.000, 1.000);Terrain/Player:(0.000, 1.000);
76.760,47.53250,5.6082,0.11216,Terrain/Player:(0.000, 1.000);Terrain/Player:(0.000, 1.000);
76.781,47.64466,5.6082,0.11216,Terrain/Player:(0.000, 1.000);Terrain/Player:(0.000, 1.000);
76.801,47.75682,5.6082,0.11216,Terrain/Player:(0.000, 1.000);Terrain/Player:(0.000, 1.000);
76.820,47.86899,5.6082,0.11216,Terrain/Player:(0.000, 1.000);Terrain/Player:(0.000, 1.000);
76.841,47.98115,5.6082,0.11216,Terrain/Player:(0.000, 1.000);Terrain/Player:(0.000, 1.000);
76.861,48.09332,5.6082,0.11216,Terrain/Player:(0.000, 1.000);Terrain/Player:(0.000, 1.000);
76.880,48.20548,5.6082,0.11216,Terrain/Player:(0.000, 1.000);Terrain/Player:(0.000, 1.000);
76.901,48.31764,5.6082,0.11216,Terrain/Player:(0.000, 1.000);Terrain/Player:(0.000, 1.000);
76.921,48.42981,5.6082,0.11216,Terrain/Player:(0.000, 1.000);Terrain/Player:(0.000, 1.000);
76.941,48.54197,5.6082,0.11216,Terrain/Player:(0.000, 1.000);Terrain/Player:(0.000, 1.000);
76.960,48.65413,5.6082,0.11216,Terrain/Player:(0.000, 1.000);Terrain/Player:(0.000, 1.000);
76.980,48.76630,5.6082,0.11216,Terrain/Player:(0.000, 1.000);Terrain/Player:(0.000, 1.000);
77.001,48.87846,5.6082,0.11216,Terrain/Player:(0.000, 1.000);Terrain/Player:(0.000, 1.000);
77.020,48.99062,5.6082,0.11216,Terrain/Player:(0.000, 1.000);Terrain/Player:(0.000, 1.000);
77.041,49.10279,5.6082,0.11216,Terrain/Player:(0.000, 1.000);Terrain/Player:(0.000, 1.000);
77.061,49.21495,5.6082,0.11216,Terrain/Player:(0.000, 1.000);Terrain/Player:(0.000, 1.000);
77.081,49.32711,5.6082,0.11216,Terrain/Player:(0.000, 1.000);Terrain/Player:(0.000, 1.000);
77.101,49.43928,5.6082,0.11216,Terrain/Player:(0.000, 1.000);Terrain/Player:(0.000, 1.000);
77.121,49.55144,5.6082,0.11216,Terrain/Player:(0.000, 1.000);Terrain/Player:(0.000, 1.000);
77.142,49.66360,5.6082,0.11216,Terrain/Player:(0.000, 1.000);Terrain/Player:(0.000, 1.000);
77.161,49.77577,5.6082,0.11216,Terrain/Player:(0.000, 1.000);Terrain/Player:(0.000, 1.000);
77.181,49.88793,5.6082,0.11216,Terrain/Player:(0.000, 1.000);Terrain/Player:(0.000, 1.000);
77.201,50.00010,5.6082,0.11216,Terrain/Player:(0.000, 1.000);Terrain/Player:(0.000, 1.000);
77.221,50.11226,5.6082,0.11216,Terrain/Player:(0.000, 1.000);Terrain/Player:(0.000, 1.000);
77.241,50.22442,5.6082,0.11216,Terrain/Player:(0.000, 1.000);Terrain/Player:(0.000, 1.000);
77.261,50.33659,5.6082,0.11216,Terrain/Player:(0.000, 1.000);Terrain/Player:(0.000, 1.000);
77.280,50.44875,5.6082,0.11216,Terrain/Player:(0.000, 1.000);Terrain/Player:(0.000, 1.000);
77.301,50.56091,5.6082,0.11216,Terrain/Player:(0.000, 1.000);Terrain/Player:(0.000, 1.000);
77.321,50.67308,5.6082,0.11216,Terrain/Player:(0.000, 1.000);Terrain/Player:(0.000, 1.000);
77.340,50.78524,5.6082,0.11216,Terrain/Player:(0.000, 1.000);Terrain/Player:(0.000, 1.000);
77.361,50.89740,5.6082,0.11216,Terrain/Player:(0.000, 1.000);Terrain/Player:(0.000, 1.000);
77.381,51.00957,5.6082,0.11216,Terrain/Player:(0.000, 1.000);Terrain/Player:(0.000, 1.000);
77.401,51.12173,5.6082,0.11216,Terrain/Player:(0.000, 1.000);Terrain/Player:(0.000, 1.000);
77.420,51.23389,5.6082,0.11216,Terrain/Player:(0.000, 1.000);Terrain/Player:(0.000, 1.000);
77.441,51.34606,5.6082,0.11216,Terrain/Player:(0.000, 1.000);Terrain/Player:(0.000, 1.000);
77.461,51.45822,5.6082,0.11216,Terrain/Player:(0.000, 1.000);Terrain/Player:(0.000, 1.000);
77.480,51.57038,5.6082,0.11216,Terrain/Player:(0.000, 1.000);Terrain/Player:(0.000, 1.000);
77.500,51.68255,5.6082,0.11216,Terrain/Player:(0.000, 1.000);Terrain/Player:(0.000, 1.000);
77.520,51.79471,5.6082,0.11216,Terrain/Player:(0.000, 1.000);Terrain/Player:(0.000, 1.000);
77.540,51.90688,5.6082,0.11216,Terrain/Player:(0.000, 1.000);Terrain/Player:(0.000, 1.000);
77.561,52.01904,5.6082,0.11216,Terrain/Player:(0.000, 1.000);Terrain/Player:(0.000, 1.000);
77.580,52.13120,5.6082,0.11216,Terrain/Player:(0.000, 1.000);Terrain/Player:(0.000, 1.000);
77.601,52.24337,5.6082,0.11216,Terrain/Player:(0.000, 1.000);Terrain/Player:(0.000, 1.000);
77.620,52.35553,5.6082,0.11216,Terrain/Player:(0.000, 1.000);Terrain/Player:(0.000, 1.000);
77.641,52.46769,5.6082,0.11216,Terrain/Player:(0.000, 1.000);Terrain/Player:(0.000, 1.000);
77.661,52.57986,5.6082,0.11216,Terrain/Player:(0.000, 1.000);Terrain/Player:(0.000, 1.000);
77.680,52.69202,5.6082,0.11216,Terrain/Player:(0.000, 1.000);Terrain/Player:(0.000, 1.000);
77.702,52.80418,5.6082,0.11216,Terrain/Player:(0.000, 1.000);Terrain/Player:(0.000, 1.000);
77.722,52.91635,5.6082,0.11216,Terrain/Player:(0.000, 1.000);Terrain/Player:(0.000, 1.000);
77.740,53.02851,5.6082,0.11216,Terrain/Player:(0.000, 1.000);Terrain/Player:(0.000, 1.000);
77.761,53.14067,5.6082,0.11216,Terrain/Player:(0.000, 1.000);Terrain/Player:(0.000, 1.000);
77.780,53.25284,5.6082,0.11216,Terrain/Player:(0.000, 1.000);Terrain/Player:(0.000, 1.000);
77.801,53.36500,5.6082,0.11216,Terrain/Player:(0.000, 1.000);Terrain/Player:(0.000, 1.000);
77.821,53.47717,5.6082,0.11216,Terrain/Player:(0.000, 1.000);Terrain/Player:(0.000, 1.000);
77.840,53.58933,5.6082,0.11216,Terrain/Player:(0.000, 1.000);Terrain/Player:(0.000, 1.000);
77.860,53.70149,5.6082,0.11216,Terrain/Player:(0.000, 1.000);Terrain/Player:(0.000, 1.000);
77.880,53.81366,5.6082,0.11216,Terrain/Player:(0.000, 1.000);Terrain/Player:(0.000, 1.000);
77.901,53.92582,5.6082,0.11216,Terrain/Player:(0.000, 1.000);Terrain/Player:(0.000, 1.000);
77.921,54.03798,5.6082,0.11216,Terrain/Player:(0.000, 1.000);Terrain/Player:(0.000, 1.000);
77.941,54.15015,5.6082,0.11216,Terrain/Player:(0.000, 1.000);Terrain/Player:(0.000, 1.000);
77.961,54.26231,5.6082,0.11216,Terrain/Player:(0.000, 1.000);Terrain/Player:(0.000, 1.000);
77.981,54.37447,5.6082,0.11216,Terrain/Player:(0.000, 1.000);Terrain/Player:(0.000, 1.000);
78.000,54.48664,5.6082,0.11216,Terrain/Player:(0.000, 1.000);Terrain/Player:(0.000, 1.000);
78.021,54.59880,5.6082,0.11216,Terrain/Player:(0.000, 1.000);Terrain/Player:(0.000, 1.000);
78.041,54.71096,5.6082,0.11216,Terrain/Player:(0.000, 1.000);Terrain/Player:(0.000, 1.000);
78.060,54.82313,5.6082,0.11216,Terrain/Player:(0.000, 1.000);Terrain/Player:(0.000, 1.000);
78.081,54.93529,5.6082,0.11216,Terrain/Player:(0.000, 1.000);Terrain/Player:(0.000, 1.000);
78.100,55.04745,5.6082,0.11216,Terrain/Player:(0.000, 1.000);Terrain/Player:(0.000, 1.000);
78.121,55.15962,5.6082,0.11216,Terrain/Player:(0.000, 1.000);Terrain/Player:(0.000, 1.000);
78.141,55.27178,5.6082,0.11216,Terrain/Player:(0.000, 1.000);Terrain/Player:(0.000, 1.000);
78.160,55.38395,5.6082,0.11216,Terrain/Player:(0.000, 1.000);Terrain/Player:(0.000, 1.000);
78.182,55.49611,5.6082,0.11216,Terrain/Player:(0.000, 1.000);Terrain/Player:(0.000, 1.000);
78.201,55.60827,5.6082,0.11216,Terrain/Player:(0.000, 1.000);Terrain/Player:(0.000, 1.000);
78.221,55.72044,5.6082,0.11216,Terrain/Player:(0.000, 1.000);Terrain/Player:(0.000, 1.000);
78.240,55.83260,5.6082,0.11216,Terrain/Player:(0.000, 1.000);Terrain/Player:(0.000, 1.000);
78.261,55.94476,5.6082,0.11216,Terrain/Player:(0.000, 1.000);Terrain/Player:(0.000, 1.000);
78.281,56.05693,5.6082,0.11216,Terrain/Player:(0.000, 1.000);Terrain/Player:(0.000, 1.000);
78.302,56.16909,5.6082,0.11216,Terrain/Player:(0.000, 1.000);Terrain/Player:(0.000, 1.000);
78.321,56.28125,5.6082,0.11216,Terrain/Player:(0.000, 1.000);Terrain/Player:(0.000, 1.000);
78.341,56.39342,5.6082,0.11216,Terrain/Player:(0.000, 1.000);Terrain/Player:(0.000, 1.000);
78.360,56.50558,5.6082,0.11216,Terrain/Player:(0.000, 1.000);Terrain/Player:(0.000, 1.000);
78.381,56.61774,5.6082,0.11216,Terrain/Player:(0.000, 1.000);Terrain/Player:(0.000, 1.000);
78.401,56.72991,5.6082,0.11216,Terrain/Player:(0.000, 1.000);Terrain/Player:(0.000, 1.000);
78.421,56.84207,5.6082,0.11216,Terrain/Player:(0.000, 1.000);Terrain/Player:(0.000, 1.000);
78.441,56.95424,5.6082,0.11216,Terrain/Player:(0.000, 1.000);Terrain/Player:(0.000, 1.000);
78.461,57.06640,5.6082,0.11216,Terrain/Player:(0.000, 1.000);Terrain/Player:(0.000, 1.000);
78.480,57.17856,5.6082,0.11216,Terrain/Player:(0.000, 1.000);Terrain/Player:(0.000, 1.000);
78.500,57.29073,5.6082,0.11216,Terrain/Player:(0.000, 1.000);Terrain/Player:(0.000, 1.000);
78.520,57.40289,5.6082,0.11216,Terrain/Player:(0.000, 1.000);Terrain/Player:(0.000, 1.000);
78.541,57.51505,5.6082,0.11216,Terrain/Player:(0.000, 1.000);Terrain/Player:(0.000, 1.000);
78.561,57.62722,5.6082,0.11216,Terrain/Player:(0.000, 1.000);Terrain/Player:(0.000, 1.000);
78.580,57.73938,5.6082,0.11216,Terrain/Player:(0.000, 1.000);Terrain/Player:(0.000, 1.000);
78.600,57.85154,5.6082,0.11216,Terrain/Player:(0.000, 1.000);Terrain/Player:(0.000, 1.000);
78.620,57.96371,5.6082,0.11216,Terrain/Player:(0.000, 1.000);Terrain/Player:(0.000, 1.000);
78.640,58.07587,5.6082,0.11216,Terrain/Player:(0.000, 1.000);Terrain/Player:(0.000, 1.000);
78.660,58.18803,5.6082,0.11216,Terrain/Player:(0.000, 1.000);Terrain/Player:(0.000, 1.000);
78.681,58.30020,5.6082,0.11216,Terrain/Player:(0.000, 1.000);Terrain/Player:(0.000, 1.000);
78.701,58.41236,5.6082,0.11216,Terrain/Player:(0.000, 1.000);Terrain/Player:(0.000, 1.000);
78.722,58.52452,5.6082,0.11216,Terrain/Player:(0.000, 1.000);Terrain/Player:(0.000, 1.000);
78.741,58.63669,5.6082,0.11216,Terrain/Player:(0.000, 1.000);Terrain/Player:(0.000, 1.000);
78.761,58.74885,5.6082,0.11216,Terrain/Player:(0.000, 1.000);Terrain/Player:(0.000, 1.000);
78.780,58.86102,5.6082,0.11216,Terrain/Player:(0.000, 1.000);Terrain/Player:(0.000, 1.000);
78.800,58.97318,5.6082,0.11216,Terrain/Player:(0.000, 1.000);Terrain/Player:(0.000, 1.000);
78.821,59.08534,5.6082,0.11216,Terrain/Player:(0.000, 1.000);Terrain/Player:(0.000, 1.000);
78.841,59.19751,5.6082,0.11216,Terrain/Player:(0.000, 1.000);Terrain/Player:(0.000, 1.000);
78.861,59.30967,5.6082,0.11216,Terrain/Player:(0.000, 1.000);Terrain/Player:(0.000, 1.000);
78.881,59.42183,5.6082,0.11216,Terrain/Player:(0.000, 1.000);Terrain/Player:(0.000, 1.000);
78.901,59.53400,5.6082,0.11216,Terrain/Player:(0.000, 1.000);Terrain/Player:(0.000, 1.000);
78.920,59.64616,5.6082,0.11216,Terrain/Player:(0.000, 1.000);Terrain/Player:(0.000, 1.000);
78.941,59.75832,5.6082,0.11216,Terrain/Player:(0.000, 1.000);Terrain/Player:(0.000, 1.000);
78.961,59.87049,5.6082,0.11216,Terrain/Player:(0.000, 1.000);Terrain/Player:(0.000, 1.000);
78.981,59.98265,5.6082,0.11216,Terrain/Player:(0.000, 1.000);Terrain/Player:(0.000, 1.000);
79.001,60.09481,5.6082,0.11216,Terrain/Player:(0.000, 1.000);Terrain/Player:(0.000, 1.000);
79.021,60.20698,5.6082,0.11216,Terrain/Player:(0.000, 1.000);Terrain/Player:(0.000, 1.000);
79.041,60.31914,5.6082,0.11216,Terrain/Player:(0.000, 1.000);Terrain/Player:(0.000, 1.000);
79.061,60.43130,5.6082,0.11216,Terrain/Player:(0.000, 1.000);Terrain/Player:(0.000, 1.000);
79.080,60.54347,5.6082,0.11216,Terrain/Player:(0.000, 1.000);Terrain/Player:(0.000, 1.000);
79.101,60.65563,5.6082,0.11216,Terrain/Player:(0.000, 1.000);Terrain/Player:(0.000, 1.000);
79.120,60.76780,5.6082,0.11216,Terrain/Player:(0.000, 1.000);Terrain/Player:(0.000, 1.000);
79.141,60.87996,5.6082,0.11216,Terrain/Player:(0.000, 1.000);Terrain/Player:(0.000, 1.000);
79.160,60.99212,5.6082,0.11216,Terrain/Player:(0.000, 1.000);Terrain/Player:(0.000, 1.000);
79.180,61.10429,5.6082,0.11216,Terrain/Player:(0.000, 1.000);Terrain/Player:(0.000, 1.000);
79.201,61.21645,5.6082,0.11216,Terrain/Player:(0.000, 1.000);Terrain/Player:(0.000, 1.000);
79.220,61.32861,5.6082,0.11216,Terrain/Player:(0.000, 1.000);Terrain/Player:(0.000, 1.000);
79.241,61.44078,5.6082,0.11216,Terrain/Player:(0.000, 1.000);Terrain/Player:(0.000, 1.000);
79.261,61.55294,5.6082,0.11216,Terrain/Player:(0.000, 1.000);Terrain/Player:(0.000, 1.000);
79.282,61.66510,5.6082,0.11216,Terrain/Player:(0.000, 1.000);Terrain/Player:(0.000, 1.000);
79.300,61.77727,5.6082,0.11216,Terrain/Player:(0.000, 1.000);Terrain/Player:(0.000, 1.000);
79.323,61.88943,5.6082,0.11216,Terrain/Player:(0.000, 1.000);Terrain/Player:(0.000, 1.000);
79.341,62.00159,5.6082,0.11216,Terrain/Player:(0.000, 1.000);Terrain/Player:(0.000, 1.000);
79.366,62.11376,5.6082,0.11216,Terrain/Player:(0.000, 1.000);Terrain/Player:(0.000, 1.000);
79.382,62.22592,5.6082,0.11216,Terrain/Player:(0.000, 1.000);Terrain/Player:(0.000, 1.000);
79.400,62.33809,5.6082,0.11216,Terrain/Player:(0.000, 1.000);Terrain/Player:(0.000, 1.000);
79.423,62.45025,5.6082,0.11216,Terrain/Player:(0.000, 1.000);Terrain/Player:(0.000, 1.000);
79.440,62.56241,5.6082,0.11216,Terrain/Player:(0.000, 1.000);Terrain/Player:(0.000, 1.000);
79.460,62.67458,5.6082,0.11216,Terrain/Player:(0.000, 1.000);Terrain/Player:(0.000, 1.000);
79.482,62.78674,5.6082,0.11216,Terrain/Player:(0.000, 1.000);Terrain/Player:(0.000, 1.000);
79.500,62.89890,5.6082,0.11216,Terrain/Player:(0.000, 1.000);Terrain/Player:(0.000, 1.000);
79.524,63.01107,5.6082,0.11216,Terrain/Player:(0.000, 1.000);Terrain/Player:(0.000, 1.000);
79.541,63.12323,5.6082,0.11216,Terrain/Player:(0.000, 1.000);Terrain/Player:(0.000, 1.000);
79.565,63.23539,5.6082,0.11216,Terrain/Player:(0.000, 1.000);Terrain/Player:(0.000, 1.000);
79.582,63.34756,5.6082,0.11216,Terrain/Player:(0.000, 1.000);Terrain/Player:(0.000, 1.000);
79.602,63.45972,5.6082,0.11216,Terrain/Player:(0.000, 1.000);Terrain/Player:(0.000, 1.000);
79.623,63.57188,5.6082,0.11216,Terrain/Player:(0.000, 1.000);Terrain/Player:(0.000, 1.000);
79.640,63.68405,5.6082,0.11216,Terrain/Player:(0.000, 1.000);Terrain/Player:(0.000, 1.000);
79.665,63.79621,5.6082,0.11216,Terrain/Player:(0.000, 1.000);Terrain/Player:(0.000, 1.000);
79.682,63.90837,5.6082,0.11216,Terrain/Player:(0.000, 1.000);Terrain/Player:(0.000, 1.000);
79.701,64.02054,5.6082,0.11216,Terrain/Player:(0.000, 1.000);Terrain/Player:(0.000, 1.000);
79.723,64.13270,5.6082,0.11216,Terrain/Player:(0.000, 1.000);Terrain/Player:(0.000, 1.000);
79.740,64.24486,5.6082,0.11216,Terrain/Player:(0.000, 1.000);Terrain/Player:(0.000, 1.000);
79.765,64.35702,5.6082,0.11216,Terrain/Player:(0.000, 1.000);Terrain/Player:(0.000, 1.000);
79.781,64.46918,5.6082,0.11216,Terrain/Player:(0.000, 1.000);Terrain/Player:(0.000, 1.000);
79.801,64.58134,5.6082,0.11216,Terrain/Player:(0.000, 1.000);Terrain/Player:(0.000, 1.000);
79.823,64.69350,5.6082,0.11216,Terrain/Player:(0.000, 1.000);Terrain/Player:(0.000, 1.000);
79.840,64.80566,5.6082,0.11216,Terrain/Player:(0.000, 1.000);Terrain/Player:(0.000, 1.000);
79.865,64.91782,5.6082,0.11216,Terrain/Player:(0.000, 1.000);Terrain/Player:(0.000, 1.000);
79.882,65.02998,5.6082,0.11216,Terrain/Player:(0.000, 1.000);Terrain/Player:(0.000, 1.000);
79.901,65.14214,5.6082,0.11216,Terrain/Player:(0.000, 1.000);Terrain/Player:(0.000, 1.000);
79.923,65.25430,5.6082,0.11216,Terrain/Player:(0.000, 1.000);Terrain/Player:(0.000, 1.000);
79.940,65.36646,5.6082,0.11216,Terrain/Player:(0.000, 1.000);Terrain/Player:(0.000, 1.000);
79.965,65.47861,5.6082,0.11216,Terrain/Player:(0.000, 1.000);Terrain/Player:(0.000, 1.000);
79.982,65.59077,5.6082,0.11216,Terrain/Player:(0.000, 1.000);Terrain/Player:(0.000, 1.000);
80.001,65.70293,5.6082,0.11216,Terrain/Player:(0.000, 1.000);Terrain/Player:(0.000, 1.000);
80.024,65.81509,5.6082,0.11216,Terrain/Player:(0.000, 1.000);Terrain/Player:(0.000, 1.000);
80.042,65.92725,5.6082,0.11216,Terrain/Player:(0.000, 1.000);Terrain/Player:(0.000, 1.000);
80.065,66.03941,5.6082,0.11216,Terrain/Player:(0.000, 1.000);Terrain/Player:(0.000, 1.000);
80.082,66.15157,5.6082,0.11216,Terrain/Player:(0.000, 1.000);Terrain/Player:(0.000, 1.000);
80.101,66.26373,5.6082,0.11216,Terrain/Player:(0.000, 1.000);Terrain/Player:(0.000, 1.000);
80.123,66.37589,5.6082,0.11216,Terrain/Player:(0.000, 1.000);Terrain/Player:(0.000, 1.000);
80.140,66.48805,5.6082,0.11216,Terrain/Player:(0.000, 1.000);Terrain/Player:(0.000, 1.000);
80.160,66.60021,5.6082,0.11216,Terrain/Player:(0.000, 1.000);Terrain/Player:(0.000, 1.000);
80.182,66.71237,5.6082,0.11216,Terrain/Player:(0.000, 1.000);Terrain/Player:(0.000, 1.000);
80.200,66.82453,5.6082,0.11216,Terrain/Player:(0.000, 1.000);Terrain/Player:(0.000, 1.000);
80.221,66.93669,5.6082,0.11216,Terrain/Player:(0.000, 1.000);Terrain/Player:(0.000, 1.000);
80.240,67.04885,5.6082,0.11216,Terrain/Player:(0.000, 1.000);Terrain/Player:(0.000, 1.000);
80.265,67.16101,5.6082,0.11216,Terrain/Player:(0.000, 1.000);Terrain/Player:(0.000, 1.000);
80.282,67.27317,5.6082,0.11216,Terrain/Player:(0.000, 1.000);Terrain/Player:(0.000, 1.000);
80.300,67.38533,5.6082,0.11216,Terrain/Player:(0.000, 1.000);Terrain/Player:(0.000, 1.000);
80.323,67.49749,5.6082,0.11216,Terrain/Player:(0.000, 1.000);Terrain/Player:(0.000, 1.000);
80.341,67.60965,5.6082,0.11216,Terrain/Player:(0.000, 1.000);Terrain/Player:(0.000, 1.000);
80.365,67.72181,5.6082,0.11216,Terrain/Player:(0.000, 1.000);Terrain/Player:(0.000, 1.000);
80.382,67.83397,5.6082,0.11216,Terrain/Player:(0.000, 1.000);Terrain/Player:(0.000, 1.000);
80.409,67.94613,5.6082,0.11216,Terrain/Player:(0.000, 1.000);Terrain/Player:(0.000, 1.000);
80.421,68.05829,5.6082,0.11216,Terrain/Player:(0.000, 1.000);Terrain/Player:(0.000, 1.000);
80.443,68.17045,5.6082,0.11216,Terrain/Player:(0.000, 1.000);Terrain/Player:(0.000, 1.000);
80.465,68.28261,5.6082,0.11216,Terrain/Player:(0.000, 1.000);Terrain/Player:(0.000, 1.000);
80.481,68.39477,5.6082,0.11216,Terrain/Player:(0.000, 1.000);Terrain/Player:(0.000, 1.000);
80.526,68.61909,5.6082,0.22432,Terrain/Player:(0.000, 1.000);Terrain/Player:(0.000, 1.000);
80.541,68.73125,5.6082,0.11216,Terrain/Player:(0.000, 1.000);Terrain/Player:(0.000, 1.000);
80.561,68.84341,5.6082,0.11216,Terrain/Player:(0.000, 1.000);Terrain/Player:(0.000, 1.000);
80.580,68.95557,5.6082,0.11216,Terrain/Player:(0.000, 1.000);Terrain/Player:(0.000, 1.000);
80.600,69.06773,5.6082,0.11216,Terrain/Player:(0.000, 1.000);Terrain/Player:(0.000, 1.000);
80.622,69.17989,5.6082,0.11216,Terrain/Player:(0.000, 1.000);Terrain/Player:(0.000, 1.000);
80.641,69.29205,5.6082,0.11216,Terrain/Player:(0.000, 1.000);Terrain/Player:(0.000, 1.000);
80.661,69.40421,5.6082,0.11216,Terrain/Player:(0.000, 1.000);Terrain/Player:(0.000, 1.000);
80.681,69.51637,5.6082,0.11216,Terrain/Player:(0.000, 1.000);Terrain/Player:(0.000, 1.000);
80.701,69.62852,5.6082,0.11216,Terrain/Player:(0.000, 1.000);Terrain/Player:(0.000, 1.000);
80.721,69.74068,5.6082,0.11216,Terrain/Player:(0.000, 1.000);Terrain/Player:(0.000, 1.000);
80.741,69.85284,5.6082,0.11216,Terrain/Player:(0.000, 1.000);Terrain/Player:(0.000, 1.000);
80.761,69.96500,5.6082,0.11216,Terrain/Player:(0.000, 1.000);Terrain/Player:(0.000, 1.000);
80.781,70.07716,5.6082,0.11216,Terrain/Player:(0.000, 1.000);Terrain/Player:(0.000, 1.000);
80.800,70.18932,5.6082,0.11216,Terrain/Player:(0.000, 1.000);Terrain/Player:(0.000, 1.000);
80.821,70.30148,5.6082,0.11216,Terrain/Player:(0.000, 1.000);Terrain/Player:(0.000, 1.000);
80.841,70.41364,5.6082,0.11216,Terrain/Player:(0.000, 1.000);Terrain/Player:(0.000, 1.000);
80.860,70.52580,5.6082,0.11216,Terrain/Player:(0.000, 1.000);Terrain/Player:(0.000, 1.000);
80.880,70.63796,5.6082,0.11216,Terrain/Player:(0.000, 1.000);Terrain/Player:(0.000, 1.000);
80.901,70.75012,5.6082,0.11216,Terrain/Player:(0.000, 1.000);Terrain/Player:(0.000, 1.000);
80.921,70.86228,5.6082,0.11216,Terrain/Player:(0.000, 1.000);Terrain/Player:(0.000, 1.000);
80.941,70.97444,5.6082,0.11216,Terrain/Player:(0.000, 1.000);Terrain/Player:(0.000, 1.000);
80.960,71.08660,5.6082,0.11216,Terrain/Player:(0.000, 1.000);Terrain/Player:(0.000, 1.000);
80.980,71.19876,5.6082,0.11216,Terrain/Player:(0.000, 1.000);Terrain/Player:(0.000, 1.000);
81.000,71.31092,5.6082,0.11216,Terrain/Player:(0.000, 1.000);Terrain/Player:(0.000, 1.000);
81.020,71.42308,5.6082,0.11216,Terrain/Player:(0.000, 1.000);Terrain/Player:(0.000, 1.000);
81.041,71.53524,5.6082,0.11216,Terrain/Player:(0.000, 1.000);Terrain/Player:(0.000, 1.000);
81.061,71.64740,5.6082,0.11216,Terrain/Player:(0.000, 1.000);Terrain/Player:(0.000, 1.000);
81.081,71.75956,5.6082,0.11216,Terrain/Player:(0.000, 1.000);Terrain/Player:(0.000, 1.000);
81.101,71.87172,5.6082,0.11216,Terrain/Player:(0.000, 1.000);Terrain/Player:(0.000, 1.000);
81.120,71.98388,5.6082,0.11216,Terrain/Player:(0.000, 1.000);Terrain/Player:(0.000, 1.000);
81.140,72.09604,5.6082,0.11216,Terrain/Player:(0.000, 1.000);Terrain/Player:(0.000, 1.000);
81.161,72.20820,5.6082,0.11216,Terrain/Player:(0.000, 1.000);Terrain/Player:(0.000, 1.000);
81.181,72.32036,5.6082,0.11216,Terrain/Player:(0.000, 1.000);Terrain/Player:(0.000, 1.000);
81.201,72.43252,5.6082,0.11216,Terrain/Player:(0.000, 1.000);Terrain/Player:(0.000, 1.000);
81.221,72.54468,5.6082,0.11216,Terrain/Player:(0.000, 1.000);Terrain/Player:(0.000, 1.000);
81.241,72.65684,5.6082,0.11216,Terrain/Player:(0.000, 1.000);Terrain/Player:(0.000, 1.000);
81.261,72.76900,5.6082,0.11216,Terrain/Player:(0.000, 1.000);Terrain/Player:(0.000, 1.000);
81.281,72.88116,5.6082,0.11216,Terrain/Player:(0.000, 1.000);Terrain/Player:(0.000, 1.000);
81.300,72.99332,5.6082,0.11216,Terrain/Player:(0.000, 1.000);Terrain/Player:(0.000, 1.000);
81.321,73.10548,5.6082,0.11216,Terrain/Player:(0.000, 1.000);Terrain/Player:(0.000, 1.000);
81.341,73.21764,5.6082,0.11216,Terrain/Player:(0.000, 1.000);Terrain/Player:(0.000, 1.000);
81.361,73.32980,5.6082,0.11216,Terrain/Player:(0.000, 1.000);Terrain/Player:(0.000, 1.000);
81.381,73.44196,5.6082,0.11216,Terrain/Player:(0.000, 1.000);Terrain/Player:(0.000, 1.000);
81.400,73.55412,5.6082,0.11216,Terrain/Player:(0.000, 1.000);Terrain/Player:(0.000, 1.000);
81.421,73.66628,5.6082,0.11216,Terrain/Player:(0.000, 1.000);Terrain/Player:(0.000, 1.000);
81.441,73.77843,5.6082,0.11216,Terrain/Player:(0.000, 1.000);Terrain/Player:(0.000, 1.000);
81.461,73.89059,5.6082,0.11216,Terrain/Player:(0.000, 1.000);Terrain/Player:(0.000, 1.000);
81.481,74.00275,5.6082,0.11216,Terrain/Player:(0.000, 1.000);Terrain/Player:(0.000, 1.000);
81.502,74.11491,5.6082,0.11216,Terrain/Player:(0.000, 1.000);Terrain/Player:(0.000, 1.000);
81.524,74.22707,5.6082,0.11216,Terrain/Player:(0.000, 1.000);Terrain/Player:(0.000, 1.000);
81.540,74.33923,5.6082,0.11216,Terrain/Player:(0.000, 1.000);Terrain/Player:(0.000, 1.000);
81.565,74.45139,5.6082,0.11216,Terrain/Player:(0.000, 1.000);Terrain/Player:(0.000, 1.000);
81.582,74.56355,5.6082,0.11216,Terrain/Player:(0.000, 1.000);Terrain/Player:(0.000, 1.000);
81.602,74.67571,5.6082,0.11216,Terrain/Player:(0.000, 1.000);Terrain/Player:(0.000, 1.000);
81.624,74.78787,5.6082,0.11216,Terrain/Player:(0.000, 1.000);Terrain/Player:(0.000, 1.000);
81.640,74.90003,5.6082,0.11216,Terrain/Player:(0.000, 1.000);Terrain/Player:(0.000, 1.000);
81.665,75.01219,5.6082,0.11216,Terrain/Player:(0.000, 1.000);Terrain/Player:(0.000, 1.000);
81.682,75.12435,5.6082,0.11216,Terrain/Player:(0.000, 1.000);Terrain/Player:(0.000, 1.000);
81.700,75.23651,5.6082,0.11216,Terrain/Player:(0.000, 1.000);Terrain/Player:(0.000, 1.000);
81.724,75.34867,5.6082,0.11216,Terrain/Player:(0.000, 1.000);Terrain/Player:(0.000, 1.000);
81.740,75.46083,5.6082,0.11216,Terrain/Player:(0.000, 1.000);Terrain/Player:(0.000, 1.000);
81.765,75.57299,5.6082,0.11216,Terrain/Player:(0.000, 1.000);Terrain/Player:(0.000, 1.000);
81.782,75.68515,5.6082,0.11216,Terrain/Player:(0.000, 1.000);Terrain/Player:(0.000, 1.000);
81.800,75.79731,5.6082,0.11216,Terrain/Player:(0.000, 1.000);Terrain/Player:(0.000, 1.000);
81.823,75.90947,5.6082,0.11216,Terrain/Player:(0.000, 1.000);Terrain/Player:(0.000, 1.000);
81.841,76.02163,5.6082,0.11216,Terrain/Player:(0.000, 1.000);Terrain/Player:(0.000, 1.000);
81.865,76.13379,5.6082,0.11216,Terrain/Player:(0.000, 1.000);Terrain/Player:(0.000, 1.000);
81.882,76.24595,5.6082,0.11216,Terrain/Player:(0.000, 1.000);Terrain/Player:(0.000, 1.000);
81.902,76.35811,5.6082,0.11216,Terrain/Player:(0.000, 1.000);Terrain/Player:(0.000, 1.000);
81.923,76.47027,5.6082,0.11216,Terrain/Player:(0.000, 1.000);Terrain/Player:(0.000, 1.000);
81.940,76.58243,5.6082,0.11216,Terrain/Player:(0.000, 1.000);Terrain/Player:(0.000, 1.000);
81.965,76.69459,5.6082,0.11216,Terrain/Player:(0.000, 1.000);Terrain/Player:(0.000, 1.000);
81.982,76.80675,5.6082,0.11216,Terrain/Player:(0.000, 1.000);Terrain/Player:(0.000, 1.000);
82.000,76.91891,5.6082,0.11216,Terrain/Player:(0.000, 1.000);Terrain/Player:(0.000, 1.000);
82.023,77.03107,5.6082,0.11216,Terrain/Player:(0.000, 1.000);Terrain/Player:(0.000, 1.000);
82.040,77.14323,5.6082,0.11216,Terrain/Player:(0.000, 1.000);Terrain/Player:(0.000, 1.000);
82.065,77.25539,5.6082,0.11216,Terrain/Player:(0.000, 1.000);Terrain/Player:(0.000, 1.000);
82.082,77.36755,5.6082,0.11216,Terrain/Player:(0.000, 1.000);Terrain/Player:(0.000, 1.000);
82.101,77.47971,5.6082,0.11216,Terrain/Player:(0.000, 1.000);Terrain/Player:(0.000, 1.000);
82.124,77.59187,5.6082,0.11216,Terrain/Player:(0.000, 1.000);Terrain/Player:(0.000, 1.000);
82.140,77.70403,5.6082,0.11216,Terrain/Player:(0.000, 1.000);Terrain/Player:(0.000, 1.000);
82.165,77.81618,5.6082,0.11216,Terrain/Player:(0.000, 1.000);Terrain/Player:(0.000, 1.000);
82.182,77.92834,5.6082,0.11216,Terrain/Player:(0.000, 1.000);Terrain/Player:(0.000, 1.000);
82.200,78.04050,5.6082,0.11216,Terrain/Player:(0.000, 1.000);Terrain/Player:(0.000, 1.000);
82.225,78.15266,5.6082,0.11216,Terrain/Player:(0.000, 1.000);Terrain/Player:(0.000, 1.000);
82.240,78.26482,5.6082,0.11216,Terrain/Player:(0.000, 1.000);Terrain/Player:(0.000, 1.000);
82.265,78.37698,5.6082,0.11216,Terrain/Player:(0.000, 1.000);Terrain/Player:(0.000, 1.000);
82.282,78.48914,5.6082,0.11216,Terrain/Player:(0.000, 1.000);Terrain/Player:(0.000, 1.000);
82.301,78.60130,5.6082,0.11216,Terrain/Player:(0.000, 1.000);Terrain/Player:(0.000, 1.000);
82.326,78.71346,5.6082,0.11216,Terrain/Player:(0.000, 1.000);Terrain/Player:(0.000, 1.000);
82.342,78.82562,5.6082,0.11216,Terrain/Player:(0.000, 1.000);Terrain/Player:(0.000, 1.000);
82.365,78.93778,5.6082,0.11216,Terrain/Player:(0.000, 1.000);Terrain/Player:(0.000, 1.000);
82.382,79.04994,5.6082,0.11216,Terrain/Player:(0.000, 1.000);Terrain/Player:(0.000, 1.000);
82.402,79.16210,5.6082,0.11216,Terrain/Player:(0.000, 1.000);Terrain/Player:(0.000, 1.000);
82.423,79.27426,5.6082,0.11216,Terrain/Player:(0.000, 1.000);Terrain/Player:(0.000, 1.000);
82.440,79.38642,5.6082,0.11216,Terrain/Player:(0.000, 1.000);Terrain/Player:(0.000, 1.000);
82.465,79.49858,5.6082,0.11216,Terrain/Player:(0.000, 1.000);Terrain/Player:(0.000, 1.000);
82.482,79.61074,5.6082,0.11216,Terrain/Player:(0.000, 1.000);Terrain/Player:(0.000, 1.000);
82.500,79.72290,5.6082,0.11216,Terrain/Player:(0.000, 1.000);Terrain/Player:(0.000, 1.000);
82.523,79.83506,5.6082,0.11216,Terrain/Player:(0.000, 1.000);Terrain/Player:(0.000, 1.000);
82.540,79.94722,5.6082,0.11216,Terrain/Player:(0.000, 1.000);Terrain/Player:(0.000, 1.000);
82.565,80.05938,5.6082,0.11216,Terrain/Player:(0.000, 1.000);Terrain/Player:(0.000, 1.000);
82.582,80.17154,5.6082,0.11216,Terrain/Player:(0.000, 1.000);Terrain/Player:(0.000, 1.000);
82.600,80.28370,5.6082,0.11216,Terrain/Player:(0.000, 1.000);Terrain/Player:(0.000, 1.000);
82.624,80.39586,5.6082,0.11216,Terrain/Player:(0.000, 1.000);Terrain/Player:(0.000, 1.000);
82.641,80.50802,5.6082,0.11216,Terrain/Player:(0.000, 1.000);Terrain/Player:(0.000, 1.000);
82.665,80.62018,5.6082,0.11216,Terrain/Player:(0.000, 1.000);Terrain/Player:(0.000, 1.000);
82.682,80.73234,5.6082,0.11216,Terrain/Player:(0.000, 1.000);Terrain/Player:(0.000, 1.000);
82.701,80.84450,5.6082,0.11216,Terrain/Player:(0.000, 1.000);Terrain/Player:(0.000, 1.000);
82.723,80.95666,5.6082,0.11216,Terrain/Player:(0.000, 1.000);Terrain/Player:(0.000, 1.000);
82.741,81.06882,5.6082,0.11216,Terrain/Player:(0.000, 1.000);Terrain/Player:(0.000, 1.000);
82.760,81.18098,5.6082,0.11216,Terrain/Player:(0.000, 1.000);Terrain/Player:(0.000, 1.000);
82.782,81.29314,5.6082,0.11216,Terrain/Player:(0.000, 1.000);Terrain/Player:(0.000, 1.000);
82.801,81.40530,5.6082,0.11216,Terrain/Player:(0.000, 1.000);Terrain/Player:(0.000, 1.000);
82.823,81.51746,5.6082,0.11216,Terrain/Player:(0.000, 1.000);Terrain/Player:(0.000, 1.000);
82.840,81.62962,5.6082,0.11216,Terrain/Player:(0.000, 1.000);Terrain/Player:(0.000, 1.000);
82.865,81.74178,5.6082,0.11216,Terrain/Player:(0.000, 1.000);Terrain/Player:(0.000, 1.000);
82.881,81.85394,5.6082,0.11216,Terrain/Player:(0.000, 1.000);Terrain/Player:(0.000, 1.000);
82.901,81.96609,5.6082,0.11216,Terrain/Player:(0.000, 1.000);Terrain/Player:(0.000, 1.000);
82.924,82.07825,5.6082,0.11216,Terrain/Player:(0.000, 1.000);Terrain/Player:(0.000, 1.000);
82.941,82.19041,5.6082,0.11216,Terrain/Player:(0.000, 1.000);Terrain/Player:(0.000, 1.000);
82.960,82.30257,5.6082,0.11216,Terrain/Player:(0.000, 1.000);Terrain/Player:(0.000, 1.000);
82.982,82.41473,5.6082,0.11216,Terrain/Player:(0.000, 1.000);Terrain/Player:(0.000, 1.000);
83.000,82.52689,5.6082,0.11216,Terrain/Player:(0.000, 1.000);Terrain/Player:(0.000, 1.000);
83.024,82.63905,5.6082,0.11216,Terrain/Player:(0.000, 1.000);Terrain/Player:(0.000, 1.000);
83.040,82.75121,5.6082,0.11216,Terrain/Player:(0.000, 1.000);Terrain/Player:(0.000, 1.000);
83.065,82.86337,5.6082,0.11216,Terrain/Player:(0.000, 1.000);Terrain/Player:(0.000, 1.000);
83.082,82.97553,5.6082,0.11216,Terrain/Player:(0.000, 1.000);Terrain/Player:(0.000, 1.000);
83.101,83.08769,5.6082,0.11216,Terrain/Player:(0.000, 1.000);Terrain/Player:(0.000, 1.000);
83.123,83.19985,5.6082,0.11216,Terrain/Player:(0.000, 1.000);Terrain/Player:(0.000, 1.000);
83.141,83.31201,5.6082,0.11216,Terrain/Player:(0.000, 1.000);Terrain/Player:(0.000, 1.000);
83.165,83.42417,5.6082,0.11216,Terrain/Player:(0.000, 1.000);Terrain/Player:(0.000, 1.000);
83.182,83.53633,5.6082,0.11216,Terrain/Player:(0.000, 1.000);Terrain/Player:(0.000, 1.000);
83.201,83.64849,5.6082,0.11216,Terrain/Player:(0.000, 1.000);Terrain/Player:(0.000, 1.000);
83.223,83.76065,5.6082,0.11216,Terrain/Player:(0.000, 1.000);Terrain/Player:(0.000, 1.000);
83.240,83.87281,5.6082,0.11216,Terrain/Player:(0.000, 1.000);Terrain/Player:(0.000, 1.000);
83.265,83.98497,5.6082,0.11216,Terrain/Player:(0.000, 1.000);Terrain/Player:(0.000, 1.000);
83.281,84.09713,5.6082,0.11216,Terrain/Player:(0.000, 1.000);Terrain/Player:(0.000, 1.000);
83.301,84.20929,5.6082,0.11216,Terrain/Player:(0.000, 1.000);Terrain/Player:(0.000, 1.000);
83.323,84.32145,5.6082,0.11216,Terrain/Player:(0.000, 1.000);Terrain/Player:(0.000, 1.000);
83.340,84.43361,5.6082,0.11216,Terrain/Player:(0.000, 1.000);Terrain/Player:(0.000, 1.000);
83.360,84.54577,5.6082,0.11216,Terrain/Player:(0.000, 1.000);Terrain/Player:(0.000, 1.000);
83.382,84.65793,5.6082,0.11216,Terrain/Player:(0.000, 1.000);Terrain/Player:(0.000, 1.000);
83.400,84.77009,5.6082,0.11216,Terrain/Player:(0.000, 1.000);Terrain/Player:(0.000, 1.000);
83.424,84.88225,5.6082,0.11216,Terrain/Player:(0.000, 1.000);Terrain/Player:(0.000, 1.000);
83.440,84.99441,5.6082,0.11216,Terrain/Player:(0.000, 1.000);Terrain/Player:(0.000, 1.000);
83.465,85.10657,5.6082,0.11216,Terrain/Player:(0.000, 1.000);Terrain/Player:(0.000, 1.000);
83.482,85.21873,5.6082,0.11216,Terrain/Player:(0.000, 1.000);Terrain/Player:(0.000, 1.000);
83.500,85.33089,5.6082,0.11216,Terrain/Player:(0.000, 1.000);Terrain/Player:(0.000, 1.000);
83.524,85.44305,5.6082,0.11216,Terrain/Player:(0.000, 1.000);Terrain/Player:(0.000, 1.000);
83.540,85.55521,5.6082,0.11216,Terrain/Player:(0.000, 1.000);Terrain/Player:(0.000, 1.000);
83.565,85.66737,5.6082,0.11216,Terrain/Player:(0.000, 1.000);Terrain/Player:(0.000, 1.000);
83.581,85.77953,5.6082,0.11216,Terrain/Player:(0.000, 1.000);Terrain/Player:(0.000, 1.000);
83.601,85.89169,5.6082,0.11216,Terrain/Player:(0.000, 1.000);Terrain/Player:(0.000, 1.000);
83.623,86.00385,5.6082,0.11216,Terrain/Player:(0.000, 1.000);Terrain/Player:(0.000, 1.000);
83.640,86.11600,5.6082,0.11216,Terrain/Player:(0.000, 1.000);Terrain/Player:(0.000, 1.000);
83.665,86.22816,5.6082,0.11216,Terrain/Player:(0.000, 1.000);Terrain/Player:(0.000, 1.000);
83.681,86.34032,5.6082,0.11216,Terrain/Player:(0.000, 1.000);Terrain/Player:(0.000, 1.000);
83.701,86.45248,5.6082,0.11216,Terrain/Player:(0.000, 1.000);Terrain/Player:(0.000, 1.000);
83.724,86.56464,5.6082,0.11216,Terrain/Player:(0.000, 1.000);Terrain/Player:(0.000, 1.000);
83.741,86.67680,5.6082,0.11216,Terrain/Player:(0.000, 1.000);Terrain/Player:(0.000, 1.000);
83.765,86.78896,5.6082,0.11216,Terrain/Player:(0.000, 1.000);Terrain/Player:(0.000, 1.000);
83.782,86.90112,5.6082,0.11216,Terrain/Player:(0.000, 1.000);Terrain/Player:(0.000, 1.000);
83.801,87.01328,5.6082,0.11216,Terrain/Player:(0.000, 1.000);Terrain/Player:(0.000, 1.000);
83.823,87.12544,5.6082,0.11216,Terrain/Player:(0.000, 1.000);Terrain/Player:(0.000, 1.000);
83.841,87.23760,5.6082,0.11216,Terrain/Player:(0.000, 1.000);Terrain/Player:(0.000, 1.000);
83.865,87.34976,5.6082,0.11216,Terrain/Player:(0.000, 1.000);Terrain/Player:(0.000, 1.000);
83.882,87.46192,5.6082,0.11216,Terrain/Player:(0.000, 1.000);Terrain/Player:(0.000, 1.000);
83.901,87.57408,5.6082,0.11216,Terrain/Player:(0.000, 1.000);Terrain/Player:(0.000, 1.000);
83.923,87.68624,5.6082,0.11216,Terrain/Player:(0.000, 1.000);Terrain/Player:(0.000, 1.000);
83.940,87.79840,5.6082,0.11216,Terrain/Player:(0.000, 1.000);Terrain/Player:(0.000, 1.000);
83.960,87.91056,5.6082,0.11216,Terrain/Player:(0.000, 1.000);Terrain/Player:(0.000, 1.000);
83.982,88.02272,5.6082,0.11216,Terrain/Player:(0.000, 1.000);Terrain/Player:(0.000, 1.000);
84.000,88.13488,5.6082,0.11216,Terrain/Player:(0.000, 1.000);Terrain/Player:(0.000, 1.000);
84.023,88.24704,5.6082,0.11216,Terrain/Player:(0.000, 1.000);Terrain/Player:(0.000, 1.000);
84.040,88.35920,5.6082,0.11216,Terrain/Player:(0.000, 1.000);Terrain/Player:(0.000, 1.000);
84.065,88.47136,5.6082,0.11216,Terrain/Player:(0.000, 1.000);Terrain/Player:(0.000, 1.000);
84.082,88.58352,5.6082,0.11216,Terrain/Player:(0.000, 1.000);Terrain/Player:(0.000, 1.000);
84.100,88.69568,5.6082,0.11216,Terrain/Player:(0.000, 1.000);Terrain/Player:(0.000, 1.000);
84.123,88.80784,5.6082,0.11216,Terrain/Player:(0.000, 1.000);Terrain/Player:(0.000, 1.000);
84.141,88.92000,5.6082,0.11216,Terrain/Player:(0.000, 1.000);Terrain/Player:(0.000, 1.000);
84.165,89.03216,5.6082,0.11216,Terrain/Player:(0.000, 1.000);Terrain/Player:(0.000, 1.000);
84.182,89.14432,5.6082,0.11216,Terrain/Player:(0.000, 1.000);Terrain/Player:(0.000, 1.000);
84.201,89.25648,5.6082,0.11216,Terrain/Player:(0.000, 1.000);Terrain/Player:(0.000, 1.000);
84.223,89.36864,5.6082,0.11216,Terrain/Player:(0.000, 1.000);Terrain/Player:(0.000, 1.000);
84.240,89.48080,5.6082,0.11216,Terrain/Player:(0.000, 1.000);Terrain/Player:(0.000, 1.000);
84.265,89.59296,5.6082,0.11216,Terrain/Player:(0.000, 1.000);Terrain/Player:(0.000, 1.000);
84.281,89.70512,5.6082,0.11216,Terrain/Player:(0.000, 1.000);Terrain/Player:(0.000, 1.000);
84.302,89.81728,5.6082,0.11216,Terrain/Player:(0.000, 1.000);Terrain/Player:(0.000, 1.000);
84.323,89.92944,5.6082,0.11216,Terrain/Player:(0.000, 1.000);Terrain/Player:(0.000, 1.000);
84.341,90.04160,5.6082,0.11216,Terrain/Player:(0.000, 1.000);Terrain/Player:(0.000, 1.000);
84.365,90.15376,5.6082,0.11216,Terrain/Player:(0.000, 1.000);Terrain/Player:(0.000, 1.000);
84.382,90.26591,5.6082,0.11216,Terrain/Player:(0.000, 1.000);Terrain/Player:(0.000, 1.000);
84.402,90.37807,5.6082,0.11216,Terrain/Player:(0.000, 1.000);Terrain/Player:(0.000, 1.000);
84.424,90.49023,5.6082,0.11216,Terrain/Player:(0.000, 1.000);Terrain/Player:(0.000, 1.000);
84.442,90.60239,5.6082,0.11216,Terrain/Player:(0.000, 1.000);Terrain/Player:(0.000, 1.000);
84.465,90.71455,5.6082,0.11216,Terrain/Player:(0.000, 1.000);Terrain/Player:(0.000, 1.000);
84.481,90.82671,5.6082,0.11216,Terrain/Player:(0.000, 1.000);Terrain/Player:(0.000, 1.000);
84.501,90.93887,5.6082,0.11216,Terrain/Player:(0.000, 1.000);Terrain/Player:(0.000, 1.000);
84.523,91.05103,5.6082,0.11216,Terrain/Player:(0.000, 1.000);Terrain/Player:(0.000, 1.000);
84.541,91.16319,5.6082,0.11216,Terrain/Player:(0.000, 1.000);Terrain/Player:(0.000, 1.000);
84.565,91.27535,5.6082,0.11216,Terrain/Player:(0.000, 1.000);Terrain/Player:(0.000, 1.000);
84.582,91.38751,5.6082,0.11216,Terrain/Player:(0.000, 1.000);Terrain/Player:(0.000, 1.000);
84.601,91.49967,5.6082,0.11216,Terrain/Player:(0.000, 1.000);Terrain/Player:(0.000, 1.000);
84.623,91.61183,5.6082,0.11216,Terrain/Player:(0.000, 1.000);Terrain/Player:(0.000, 1.000);
84.642,91.72399,5.6082,0.11216,Terrain/Player:(0.000, 1.000);Terrain/Player:(0.000, 1.000);
84.665,91.83615,5.6082,0.11216,Terrain/Player:(0.000, 1.000);Terrain/Player:(0.000, 1.000);
84.682,91.94831,5.6082,0.11216,Terrain/Player:(0.000, 1.000);Terrain/Player:(0.000, 1.000);
84.700,92.06047,5.6082,0.11216,Terrain/Player:(0.000, 1.000);Terrain/Player:(0.000, 1.000);
84.724,92.17263,5.6082,0.11216,Terrain/Player:(0.000, 1.000);Terrain/Player:(0.000, 1.000);
84.740,92.28479,5.6082,0.11216,Terrain/Player:(0.000, 1.000);Terrain/Player:(0.000, 1.000);
84.765,92.39695,5.6082,0.11216,Terrain/Player:(0.000, 1.000);Terrain/Player:(0.000, 1.000);
84.782,92.50911,5.6082,0.11216,Terrain/Player:(0.000, 1.000);Terrain/Player:(0.000, 1.000);
84.800,92.62127,5.6082,0.11216,Terrain/Player:(0.000, 1.000);Terrain/Player:(0.000, 1.000);
84.823,92.73343,5.6082,0.11216,Terrain/Player:(0.000, 1.000);Terrain/Player:(0.000, 1.000);
84.840,92.84559,5.6082,0.11216,Terrain/Player:(0.000, 1.000);Terrain/Player:(0.000, 1.000);
84.865,92.95775,5.6082,0.11216,Terrain/Player:(0.000, 1.000);Terrain/Player:(0.000, 1.000);
84.881,93.06991,5.6082,0.11216,Terrain/Player:(0.000, 1.000);Terrain/Player:(0.000, 1.000);
84.901,93.18207,5.6082,0.11216,Terrain/Player:(0.000, 1.000);Terrain/Player:(0.000, 1.000);
84.923,93.29423,5.6082,0.11216,Terrain/Player:(0.000, 1.000);Terrain/Player:(0.000, 1.000);
84.941,93.40639,5.6082,0.11216,Terrain/Player:(0.000, 1.000);Terrain/Player:(0.000, 1.000);
84.965,93.51855,5.6082,0.11216,Terrain/Player:(0.000, 1.000);Terrain/Player:(0.000, 1.000);
84.982,93.63071,5.6082,0.11216,Terrain/Player:(0.000, 1.000);Terrain/Player:(0.000, 1.000);
85.001,93.74287,5.6082,0.11216,Terrain/Player:(0.000, 1.000);Terrain/Player:(0.000, 1.000);
85.023,93.85503,5.6082,0.11216,Terrain/Player:(0.000, 1.000);Terrain/Player:(0.000, 1.000);
85.040,93.96719,5.6082,0.11216,Terrain/Player:(0.000, 1.000);Terrain/Player:(0.000, 1.000);
85.065,94.07935,5.6082,0.11216,Terrain/Player:(0.000, 1.000);Terrain/Player:(0.000, 1.000);
85.082,94.19151,5.6082,0.11216,Terrain/Player:(0.000, 1.000);Terrain/Player:(0.000, 1.000);
85.101,94.30367,5.6082,0.11216,Terrain/Player:(0.000, 1.000);Terrain/Player:(0.000, 1.000);
85.123,94.41582,5.6082,0.11216,Terrain/Player:(0.000, 1.000);Terrain/Player:(0.000, 1.000);
85.140,94.52798,5.6082,0.11216,Terrain/Player:(0.000, 1.000);Terrain/Player:(0.000, 1.000);
85.165,94.64014,5.6082,0.11216,Terrain/Player:(0.000, 1.000);Terrain/Player:(0.000, 1.000);
85.182,94.75230,5.6082,0.11216,Terrain/Player:(0.000, 1.000);Terrain/Player:(0.000, 1.000);
85.200,94.86446,5.6082,0.11216,Terrain/Player:(0.000, 1.000);Terrain/Player:(0.000, 1.000);
85.223,94.97662,5.6082,0.11216,Terrain/Player:(0.000, 1.000);Terrain/Player:(0.000, 1.000);
85.240,95.08878,5.6082,0.11216,Terrain/Player:(0.000, 1.000);Terrain/Player:(0.000, 1.000);
85.260,95.20094,5.6082,0.11216,Terrain/Player:(0.000, 1.000);Terrain/Player:(0.000, 1.000);
85.282,95.31310,5.6082,0.11216,Terrain/Player:(0.000, 1.000);Terrain/Player:(0.000, 1.000);
85.300,95.42526,5.6082,0.11216,Terrain/Player:(0.000, 1.000);Terrain/Player:(0.000, 1.000);
85.323,95.53742,5.6082,0.11216,Terrain/Player:(0.000, 1.000);Terrain/Player:(0.000, 1.000);
85.342,95.64958,5.6082,0.11216,Terrain/Player:(0.000, 1.000);Terrain/Player:(0.000, 1.000);
85.360,95.76174,5.6082,0.11216,Terrain/Player:(0.000, 1.000);Terrain/Player:(0.000, 1.000);
85.382,95.87390,5.6082,0.11216,Terrain/Player:(0.000, 1.000);Terrain/Player:(0.000, 1.000);
85.401,95.98606,5.6082,0.11216,Terrain/Player:(0.000, 1.000);Terrain/Player:(0.000, 1.000);
85.423,96.09822,5.6082,0.11216,Terrain/Player:(0.000, 1.000);Terrain/Player:(0.000, 1.000);
85.440,96.21038,5.6082,0.11216,Terrain/Player:(0.000, 1.000);Terrain/Player:(0.000, 1.000);
85.460,96.32254,5.6082,0.11216,Terrain/Player:(0.000, 1.000);Terrain/Player:(0.000, 1.000);
85.482,96.43470,5.6082,0.11216,Terrain/Player:(0.000, 1.000);Terrain/Player:(0.000, 1.000);
85.501,96.54686,5.6082,0.11216,Terrain/Player:(0.000, 1.000);Terrain/Player:(0.000, 1.000);
85.524,96.65902,5.6082,0.11216,Terrain/Player:(0.000, 1.000);Terrain/Player:(0.000, 1.000);
85.542,96.77118,5.6082,0.11216,Terrain/Player:(0.000, 1.000);Terrain/Player:(0.000, 1.000);
85.560,96.88334,5.6082,0.11216,Terrain/Player:(0.000, 1.000);Terrain/Player:(0.000, 1.000);
85.582,96.99550,5.6082,0.11216,Terrain/Player:(0.000, 1.000);Terrain/Player:(0.000, 1.000);
85.601,97.10766,5.6082,0.11216,Terrain/Player:(0.000, 1.000);Terrain/Player:(0.000, 1.000);
85.623,97.21982,5.6082,0.11216,Terrain/Player:(0.000, 1.000);Terrain/Player:(0.000, 1.000);
85.643,97.33198,5.6082,0.11216,Terrain/Player:(0.000, 1.000);Terrain/Player:(0.000, 1.000);
85.665,97.44414,5.6082,0.11216,Terrain/Player:(0.000, 1.000);Terrain/Player:(0.000, 1.000);
85.682,97.55630,5.6082,0.11216,Terrain/Player:(0.000, 1.000);Terrain/Player:(0.000, 1.000);
85.700,97.66846,5.6082,0.11216,Terrain/Player:(0.000, 1.000);Terrain/Player:(0.000, 1.000);
85.724,97.78062,5.6082,0.11216,Terrain/Player:(0.000, 1.000);Terrain/Player:(0.000, 1.000);
85.741,97.89278,5.6082,0.11216,Terrain/Player:(0.000, 1.000);Terrain/Player:(0.000, 1.000);
85.760,98.00494,5.6082,0.11216,Terrain/Player:(0.000, 1.000);Terrain/Player:(0.000, 1.000);
85.782,98.11710,5.6082,0.11216,Terrain/Player:(0.000, 1.000);Terrain/Player:(0.000, 1.000);
85.800,98.22926,5.6082,0.11216,Terrain/Player:(0.000, 1.000);Terrain/Player:(0.000, 1.000);
85.823,98.34142,5.6082,0.11216,Terrain/Player:(0.000, 1.000);Terrain/Player:(0.000, 1.000);
85.840,98.45358,5.6082,0.11216,Terrain/Player:(0.000, 1.000);Terrain/Player:(0.000, 1.000);
85.865,98.56573,5.6082,0.11216,Terrain/Player:(0.000, 1.000);Terrain/Player:(0.000, 1.000);
85.882,98.67789,5.6082,0.11216,Terrain/Player:(0.000, 1.000);Terrain/Player:(0.000, 1.000);
85.901,98.79005,5.6082,0.11216,Terrain/Player:(0.000, 1.000);Terrain/Player:(0.000, 1.000);
85.924,98.90221,5.6082,0.11216,Terrain/Player:(0.000, 1.000);Terrain/Player:(0.000, 1.000);
85.941,99.01437,5.6082,0.11216,Terrain/Player:(0.000, 1.000);Terrain/Player:(0.000, 1.000);
85.965,99.12653,5.6082,0.11216,Terrain/Player:(0.000, 1.000);Terrain/Player:(0.000, 1.000);
85.981,99.23869,5.6082,0.11216,Terrain/Player:(0.000, 1.000);Terrain/Player:(0.000, 1.000);
86.001,99.35085,5.6082,0.11216,Terrain/Player:(0.000, 1.000);Terrain/Player:(0.000, 1.000);
86.020,99.46301,5.6082,0.11216,Terrain/Player:(0.000, 1.000);Terrain/Player:(0.000, 1.000);
86.041,99.57517,5.6082,0.11216,Terrain/Player:(0.000, 1.000);Terrain/Player:(0.000, 1.000);
86.061,99.68733,5.6082,0.11216,Terrain/Player:(0.000, 1.000);Terrain/Player:(0.000, 1.000);
86.081,99.79949,5.6082,0.11216,Terrain/Player:(0.000, 1.000);Terrain/Player:(0.000, 1.000);
86.100,99.91165,5.6082,0.11216,Terrain/Player:(0.000, 1.000);Terrain/Player:(0.000, 1.000);
86.121,100.02380,5.6082,0.11216,Terrain/Player:(0.000, 1.000);Terrain/Player:(0.000, 1.000);
86.140,100.13600,5.6082,0.11216,Terrain/Player:(0.000, 1.000);Terrain/Player:(0.000, 1.000);
86.161,100.24810,5.6082,0.11216,Terrain/Player:(0.000, 1.000);Terrain/Player:(0.000, 1.000);
86.181,100.36030,5.6082,0.11216,Terrain/Player:(0.000, 1.000);Terrain/Player:(0.000, 1.000);
86.201,100.47250,5.6082,0.11216,Terrain/Player:(0.000, 1.000);Terrain/Player:(0.000, 1.000);
86.220,100.58460,5.6082,0.11216,Terrain/Player:(0.000, 1.000);Terrain/Player:(0.000, 1.000);
86.241,100.69680,5.6082,0.11216,Terrain/Player:(0.000, 1.000);Terrain/Player:(0.000, 1.000);
86.261,100.80890,5.6082,0.11216,Terrain/Player:(0.000, 1.000);Terrain/Player:(0.000, 1.000);
86.281,100.92110,5.6082,0.11216,Terrain/Player:(0.000, 1.000);Terrain/Player:(0.000, 1.000);
86.300,101.03320,5.6082,0.11216,Terrain/Player:(0.000, 1.000);Terrain/Player:(0.000, 1.000);
86.320,101.14540,5.6082,0.11216,Terrain/Player:(0.000, 1.000);Terrain/Player:(0.000, 1.000);
86.342,101.25760,5.6082,0.11216,Terrain/Player:(0.000, 1.000);Terrain/Player:(0.000, 1.000);
86.363,101.36970,5.6082,0.11216,Terrain/Player:(0.000, 1.000);Terrain/Player:(0.000, 1.000);
86.381,101.48190,5.6082,0.11216,Terrain/Player:(0.000, 1.000);Terrain/Player:(0.000, 1.000);
86.401,101.59400,5.6082,0.11216,Terrain/Player:(0.000, 1.000);Terrain/Player:(0.000, 1.000);
86.420,101.70620,5.6082,0.11216,Terrain/Player:(0.000, 1.000);Terrain/Player:(0.000, 1.000);
86.440,101.81840,5.6082,0.11216,Terrain/Player:(0.000, 1.000);Terrain/Player:(0.000, 1.000);
86.461,101.93050,5.6082,0.11216,Terrain/Player:(0.000, 1.000);Terrain/Player:(0.000, 1.000);
86.481,102.04270,5.6082,0.11216,Terrain/Player:(0.000, 1.000);Terrain/Player:(0.000, 1.000);
86.501,102.15480,5.6082,0.11216,Terrain/Player:(0.000, 1.000);Terrain/Player:(0.000, 1.000);
86.521,102.26700,5.6082,0.11216,Terrain/Player:(0.000, 1.000);Terrain/Player:(0.000, 1.000);
86.540,102.37920,5.6082,0.11216,Terrain/Player:(0.000, 1.000);Terrain/Player:(0.000, 1.000);
86.560,102.49130,5.6082,0.11216,Terrain/Player:(0.000, 1.000);Terrain/Player:(0.000, 1.000);
86.581,102.60350,5.6082,0.11216,Terrain/Player:(0.000, 1.000);Terrain/Player:(0.000, 1.000);
86.601,102.71560,5.6082,0.11216,Terrain/Player:(0.000, 1.000);Terrain/Player:(0.000, 1.000);
86.621,102.82780,5.6082,0.11216,Terrain/Player:(0.000, 1.000);Terrain/Player:(0.000, 1.000);
86.640,102.94000,5.6082,0.11216,Terrain/Player:(0.000, 1.000);Terrain/Player:(0.000, 1.000);
86.660,103.05210,5.6082,0.11216,Terrain/Player:(0.000, 1.000);Terrain/Player:(0.000, 1.000);
86.681,103.16430,5.6082,0.11216,Terrain/Player:(0.000, 1.000);Terrain/Player:(0.000, 1.000);
86.701,103.27640,5.6082,0.11216,Terrain/Player:(0.000, 1.000);Terrain/Player:(0.000, 1.000);
86.721,103.38860,5.6082,0.11216,Terrain/Player:(0.000, 1.000);Terrain/Player:(0.000, 1.000);
86.742,103.50080,5.6082,0.11216,Terrain/Player:(0.000, 1.000);Terrain/Player:(0.000, 1.000);
86.760,103.61290,5.6082,0.11216,Terrain/Player:(0.000, 1.000);Terrain/Player:(0.000, 1.000);
86.780,103.72510,5.6082,0.11216,Terrain/Player:(0.000, 1.000);Terrain/Player:(0.000, 1.000);
86.801,103.83720,5.6082,0.11216,Terrain/Player:(0.000, 1.000);Terrain/Player:(0.000, 1.000);
86.820,103.94940,5.6082,0.11216,Terrain/Player:(0.000, 1.000);Terrain/Player:(0.000, 1.000);
86.841,104.06160,5.6082,0.11216,Terrain/Player:(0.000, 1.000);Terrain/Player:(0.000, 1.000);
86.861,104.17370,5.6082,0.11216,Terrain/Player:(0.000, 1.000);Terrain/Player:(0.000, 1.000);
86.881,104.28590,5.6082,0.11216,Terrain/Player:(0.000, 1.000);Terrain/Player:(0.000, 1.000);
86.901,104.39800,5.6082,0.11216,Terrain/Player:(0.000, 1.000);Terrain/Player:(0.000, 1.000);
86.920,104.51020,5.6082,0.11216,Terrain/Player:(0.000, 1.000);Terrain/Player:(0.000, 1.000);
86.941,104.62240,5.6082,0.11216,Terrain/Player:(0.000, 1.000);Terrain/Player:(0.000, 1.000);
86.961,104.73450,5.6082,0.11216,Terrain/Player:(0.000, 1.000);Terrain/Player:(0.000, 1.000);
86.981,104.84670,5.6082,0.11216,Terrain/Player:(0.000, 1.000);Terrain/Player:(0.000, 1.000);
87.000,104.95880,5.6082,0.11216,Terrain/Player:(0.000, 1.000);Terrain/Player:(0.000, 1.000);
87.020,105.07100,5.6082,0.11216,Terrain/Player:(0.000, 1.000);Terrain/Player:(0.000, 1.000);
87.040,105.18320,5.6082,0.11216,Terrain/Player:(0.000, 1.000);Terrain/Player:(0.000, 1.000);
87.060,105.29530,5.6082,0.11216,Terrain/Player:(0.000, 1.000);Terrain/Player:(0.000, 1.000);
87.081,105.40750,5.6082,0.11216,Terrain/Player:(0.000, 1.000);Terrain/Player:(0.000, 1.000);
87.100,105.51960,5.6082,0.11216,Terrain/Player:(0.000, 1.000);Terrain/Player:(0.000, 1.000);
87.120,105.63180,5.6082,0.11216,Terrain/Player:(0.000, 1.000);Terrain/Player:(0.000, 1.000);
87.141,105.74400,5.6082,0.11216,Terrain/Player:(0.000, 1.000);Terrain/Player:(0.000, 1.000);
87.162,105.85610,5.6082,0.11216,Terrain/Player:(0.000, 1.000);Terrain/Player:(0.000, 1.000);
87.181,105.96830,5.6082,0.11216,Terrain/Player:(0.000, 1.000);Terrain/Player:(0.000, 1.000);
87.201,106.08040,5.6082,0.11216,Terrain/Player:(0.000, 1.000);Terrain/Player:(0.000, 1.000);
