0.0183,1,60.000000,60.000000,60.000000
0.0224,1,60.008160,60.005340,60.000130
0.0247,1,60.008160,60.006590,60.000180
0.0292,1,60.008160,60.007580,60.000220
0.0321,1,60.024490,60.010660,60.000320
0.0350,1,60.024490,60.012990,60.000390
0.0379,1,60.024490,60.015350,60.000480
0.0411,1,60.024490,60.017690,60.000580
0.0435,1,60.024490,60.020370,60.000720
0.0453,1,60.024490,60.022240,60.000840
0.0473,1,60.024490,60.023720,60.000930
0.0497,1,60.048980,60.025790,60.001060
0.0518,1,60.048980,60.028840,60.001220
0.0535,1,60.048980,60.031360,60.001380
0.0561,1,60.048980,60.033490,60.001520
0.0581,1,60.048980,60.036640,60.001750
0.0608,1,60.048980,60.039120,60.001950
0.0628,1,60.048980,60.042310,60.002220
0.0647,1,60.048980,60.044770,60.002460
0.0663,1,60.048980,60.047150,60.002700
0.0688,1,60.081630,60.049180,60.002920
0.0707,1,60.081630,60.053240,60.003280
0.0733,1,60.081630,60.056370,60.003580
0.0752,1,60.081630,60.060510,60.004000
0.0769,1,60.081630,60.063630,60.004340
0.0789,1,60.081630,60.066380,60.004670
0.0814,1,60.081630,60.069760,60.005080
0.0836,1,60.081630,60.073750,60.005620
0.0852,1,60.081630,60.077360,60.006130
0.0870,1,60.081630,60.080040,60.006530
0.0896,1,60.122450,60.083260,60.006980
0.0919,1,60.122450,60.088530,60.007680
0.0936,1,60.122450,60.093200,60.008340
0.0953,1,60.122450,60.096810,60.008880
0.0974,1,60.122450,60.100240,60.009410
0.0991,1,60.122450,60.104420,60.010090
0.1011,1,60.122450,60.108020,60.010700
0.1027,1,60.122450,60.111900,60.011390
0.1040,1,60.122450,60.115180,60.011990
0.1057,1,60.122450,60.117920,60.012510
0.1075,1,60.122450,60.121320,60.013180
0.1098,1,60.171430,60.125750,60.013970
0.1114,1,60.171430,60.131120,60.014930
0.1133,1,60.171430,60.135110,60.015670
0.1155,1,60.171430,60.139920,60.016590
0.1176,1,60.171430,60.145360,60.017680
0.1230,1,60.171430,60.150350,60.018710
0.1252,1,60.171430,60.163630,60.021690
0.1273,1,60.171430,60.168890,60.022960
0.1293,1,60.228580,60.174600,60.024280
0.1314,1,60.228580,60.180350,60.025550
0.1335,1,60.228580,60.186200,60.026900
0.1353,1,60.228580,60.192170,60.028320
0.1369,1,60.228580,60.197390,60.029600
0.1386,1,60.228580,60.202050,60.030770
0.1405,1,60.228580,60.206830,60.032010
0.1425,1,60.228580,60.212430,60.033500
0.1443,1,60.228580,60.218090,60.035050
0.1456,1,60.228580,60.223090,60.036460
0.1476,1,60.228580,60.227010,60.037590
0.1498,1,60.293880,60.233190,60.039250
0.1518,1,60.293880,60.240240,60.041120
0.1535,1,60.293880,60.247000,60.042970
0.1552,1,60.293880,60.252610,60.044550
0.1571,1,60.293880,60.257790,60.046040
0.1594,1,60.293880,60.264370,60.047980
0.1611,1,60.293880,60.271700,60.050200
0.1630,1,60.293880,60.277240,60.051930
0.1648,1,60.293880,60.283270,60.053850
0.1668,1,60.293880,60.289160,60.055770
0.1685,1,60.367360,60.296280,60.058060
0.1698,1,60.367360,60.302160,60.059840
0.1718,1,60.367360,60.307140,60.061380
0.1739,1,60.367360,60.314450,60.063680
0.1758,1,60.367360,60.322130,60.066160
0.1773,1,60.367360,60.328940,60.068410
0.1787,1,60.367360,60.334420,60.070250
0.1804,1,60.367360,60.339980,60.072160
0.1822,1,60.367360,60.345890,60.074220
0.1843,1,60.367360,60.352770,60.076660
0.1860,1,60.367360,60.360450,60.079450
0.1877,1,60.367360,60.366630,60.081750
0.1901,1,60.448990,60.373260,60.084020
0.1920,1,60.448990,60.383490,60.087570
0.1934,1,60.448990,60.390870,60.090190
0.1949,1,60.448990,60.396880,60.092370
0.1965,1,60.448990,60.402890,60.094570
0.1986,1,60.448990,60.409550,60.097050
0.2006,1,60.448990,60.417910,60.100220
0.2022,1,60.448990,60.425930,60.103320
0.2035,1,60.448990,60.432380,60.105860
0.2051,1,60.448990,60.438050,60.108120
0.2070,1,60.448990,60.444550,60.110750
0.2090,1,60.538780,60.452500,60.113890
0.2109,1,60.538780,60.461400,60.117280
0.2127,1,60.538780,60.470080,60.120640
0.2147,1,60.538780,60.478050,60.123790
0.2168,1,60.538780,60.486920,60.127350
0.2186,1,60.538780,60.496440,60.131230
0.2202,1,60.538780,60.504630,60.134640
0.2227,1,60.538780,60.512030,60.137760
0.2246,1,60.538780,60.523060,60.142490
0.2263,1,60.538780,60.531750,60.146290
0.2278,1,60.636740,60.539100,60.149550
0.2292,1,60.636740,60.546380,60.152550
0.2311,1,60.636740,60.553540,60.155530
0.2337,1,60.636740,60.562580,60.159360
0.2355,1,60.636740,60.575250,60.164800
0.2371,1,60.636740,60.584320,60.168770
0.2388,1,60.636740,60.592100,60.172230
0.2410,1,60.636740,60.600550,60.176030
0.2429,1,60.636740,60.611360,60.180970
0.2446,1,60.636740,60.620510,60.185210
0.2463,1,60.636740,60.628860,60.189140
0.2485,1,60.742860,60.637320,60.193150
0.2502,1,60.742860,60.649110,60.198410
0.2517,1,60.742860,60.658000,60.202430
0.2534,1,60.742860,60.666030,60.206100
0.2551,1,60.742860,60.674800,60.210160
0.2571,1,60.742860,60.683930,60.214420
0.2587,1,60.742860,60.694600,60.219490
0.2599,1,60.742860,60.702730,60.223390
0.2617,1,60.742860,60.709630,60.226740
0.2633,1,60.742860,60.718830,60.231250
0.2655,1,60.742860,60.727450,60.235520
0.2673,1,60.742860,60.739470,60.241550
0.2688,1,60.855020,60.749070,60.246270
0.2705,1,60.855020,60.757490,60.250370
0.2723,1,60.855020,60.766960,60.255020
0.2744,1,60.855020,60.777510,60.260270
0.2759,1,60.855020,60.788750,60.265930
0.2774,1,60.855020,60.797330,60.270300
0.2786,1,60.855020,60.805230,60.274360
0.2801,1,60.855020,60.812500,60.278130
0.2816,1,60.855020,60.820580,60.282350
0.2835,1,60.855020,60.829250,60.286920
0.2853,1,60.855020,60.839710,60.292490
0.2867,1,60.855020,60.849900,60.297980
0.2881,1,60.967190,60.857400,60.302060
0.2901,1,60.967190,60.865960,60.306750
0.2920,1,60.967190,60.877180,60.312960
0.2935,1,60.967190,60.887240,60.318590
0.2950,1,60.967190,60.896040,60.323570
0.2969,1,60.967190,60.904170,60.328200
0.2988,1,60.967190,60.914780,60.334300
0.3004,1,60.967190,60.925620,60.340600
0.3019,1,60.967190,60.934450,60.345780
0.3037,1,60.967190,60.943000,60.350840
0.3054,1,60.967190,60.952950,60.356770
0.3072,1,60.967190,60.962440,60.362480
0.3092,1,61.079350,60.973080,60.368950
0.3107,1,61.079350,60.983610,60.375400
0.3122,1,61.079350,60.992400,60.380830
0.3141,1,61.079350,61.000660,60.385970
0.3162,1,61.079350,61.011340,60.392680
0.3181,1,61.079350,61.023180,60.400170
0.3197,1,61.079350,61.033990,60.407090
0.3214,1,61.079350,61.042860,60.412800
0.3239,1,61.079350,61.052420,60.419010
0.3260,1,61.079350,61.066240,60.428060
0.3276,1,61.079350,61.077860,60.435750
0.3295,1,61.191510,61.087410,60.442120
0.3324,1,61.191510,61.097870,60.449150
0.3346,1,61.191510,61.113920,60.460030
0.3365,1,61.191510,61.126280,60.468500
0.3386,1,61.191510,61.137010,60.475910
0.3409,1,61.191510,61.148750,60.484090
0.3432,1,61.191510,61.162290,60.493590
0.3450,1,61.191510,61.174480,60.502220
0.3467,1,61.191510,61.184820,60.509590
0.3498,1,61.303680,61.194350,60.516430
0.3520,1,61.303680,61.211940,60.529150
0.3536,1,61.303680,61.223690,60.537730
0.3565,1,61.303680,61.232730,60.544360
0.3587,1,61.303680,61.249060,60.556440
0.3606,1,61.303680,61.261700,60.565860
0.3622,1,61.303680,61.272250,60.573780
0.3639,1,61.303680,61.281010,60.580390
0.3670,1,61.303680,61.290730,60.587750
0.3695,1,61.415840,61.308370,60.601220
0.3711,1,61.415840,61.321860,60.611600
0.3730,1,61.415840,61.330930,60.618610
0.3754,1,61.415840,61.341710,60.626980
0.3776,1,61.415840,61.356200,60.638320
0.3792,1,61.415840,61.367600,60.647280
0.3830,1,61.415840,61.376400,60.654240
0.3856,1,61.415840,61.397750,60.671220
0.3875,1,61.415840,61.412240,60.682830
0.3898,1,61.528000,61.422790,60.691330
0.3926,1,61.528000,61.436520,60.702450
0.3949,1,61.528000,61.451720,60.714830
0.3980,1,61.528000,61.464820,60.725560
0.4021,0,61.528000,61.482020,60.739730
0.4044,0,61.528000,61.504950,60.758760
0.4071,0,61.528000,61.518090,60.769730
0.4102,0,61.612330,61.531590,60.782070
0.4123,0,61.612330,61.544700,60.796780
0.4152,0,61.612330,61.553520,60.806720
0.4179,0,61.612330,61.566080,60.820920
0.4203,0,61.612330,61.577550,60.833930
0.4236,0,61.612330,61.587340,60.845080
0.4263,0,61.612330,61.601360,60.861080
0.4283,0,61.668820,61.612550,60.874000
0.4302,0,61.668820,61.618230,60.883720
0.4325,0,61.668820,61.623480,60.892720
0.4344,0,61.668820,61.630210,60.904240
0.4360,0,61.668820,61.635540,60.913390
0.4376,0,61.668820,61.640110,60.921220
0.4395,0,61.668820,61.644600,60.928910
0.4414,0,61.668820,61.649790,60.937800
0.4437,0,61.668820,61.655310,60.947240
0.4453,0,61.668820,61.661560,60.957920
0.4469,0,61.668820,61.666150,60.965760
0.4492,0,61.697470,61.669800,60.973640
0.4512,0,61.697470,61.673040,60.984490
0.4531,0,61.697470,61.676030,60.994480
0.4550,0,61.697470,61.678760,61.003600
0.4576,0,61.697470,61.681430,61.012500
0.4600,0,61.697470,61.685220,61.025070
0.4619,0,61.697470,61.688510,61.035920
0.4641,0,61.697470,61.691240,61.044890
0.4661,0,61.697470,61.694420,61.055310
0.4684,0,61.697470,61.697310,61.064700
0.4701,0,61.698290,61.697560,61.075360
0.4721,0,61.698290,61.697630,61.083100
0.4745,0,61.698290,61.697710,61.092500
0.4782,0,61.698290,61.697810,61.103370
0.4802,0,61.698290,61.697960,61.119930
0.4829,0,61.698290,61.698040,61.129090
0.4853,0,61.698290,61.698150,61.141240
0.4870,0,61.698290,61.698250,61.151490
0.4908,0,61.698290,61.698290,61.158680
0.4937,0,61.698290,61.698290,61.175340
0.4989,0,61.698290,61.698290,61.187470
0.5069,0,61.698290,61.698290,61.209250
0.5092,0,61.698290,61.698290,61.240640
0.5111,0,61.698290,61.698290,61.249290
0.5135,0,61.698290,61.698290,61.256520
0.5163,0,61.698290,61.698290,61.265910
0.5185,0,61.698290,61.698290,61.276230
0.5201,0,61.698290,61.698290,61.284030
0.5219,0,61.698290,61.698290,61.290070
0.5242,0,61.698290,61.698290,61.296590
0.5262,0,61.698290,61.698290,61.304720
0.5277,0,61.698290,61.698290,61.311320
0.5289,0,61.698290,61.698280,61.316500
0.5307,0,61.698290,61.698290,61.320580
0.5327,0,61.698290,61.698290,61.326950
0.5344,0,61.698290,61.698290,61.333650
0.5357,0,61.698290,61.698290,61.338940
0.5373,0,61.698290,61.698290,61.343380
0.5393,0,61.698290,61.698290,61.348490
0.5410,0,61.698290,61.698290,61.354800
0.5427,0,61.698290,61.698290,61.360130
0.5440,0,61.698290,61.698290,61.365330
0.5453,0,61.698290,61.698290,61.369340
0.5467,0,61.698290,61.698290,61.373400
0.5486,0,61.698290,61.698280,61.377350
0.5503,0,61.698290,61.698280,61.383120
0.5517,0,61.698290,61.698290,61.388010
0.5534,0,61.698290,61.698290,61.392150
0.5548,0,61.698290,61.698290,61.396820
0.5567,0,61.698290,61.698290,61.401020
0.5585,0,61.698290,61.698290,61.406180
0.5600,0,61.698290,61.698290,61.411000
0.5615,0,61.698290,61.698290,61.415160
0.5630,0,61.698290,61.698290,61.419150
0.5652,0,61.698290,61.698290,61.423020
0.5672,0,61.698290,61.698290,61.428930
0.5688,0,61.698290,61.698290,61.433910
0.5703,0,61.698290,61.698290,61.438080
0.5717,0,61.698290,61.698290,61.441690
0.5736,0,61.698290,61.698290,61.445180
0.5753,0,61.698290,61.698290,61.449760
0.5768,0,61.698290,61.698290,61.453860
0.5785,0,61.698290,61.698290,61.457440
0.5800,0,61.698290,61.698290,61.461290
0.5817,0,61.698290,61.698290,61.464680
0.5837,0,61.698290,61.698290,61.468750
0.5854,0,61.698290,61.698290,61.473080
0.5867,0,61.698290,61.698290,61.476750
0.5883,0,61.698290,61.698290,61.479510
0.5901,0,61.698290,61.698290,61.483040
0.5921,0,61.698290,61.698290,61.486790
0.5936,0,61.698290,61.698290,61.490890
0.5948,0,61.698290,61.698290,61.493950
0.5962,0,61.698290,61.698290,61.496430
0.5980,0,61.698290,61.698290,61.499360
0.5998,0,61.698290,61.698290,61.502900
0.6017,0,61.698290,61.698290,61.506410
0.6031,0,61.698290,61.698290,61.509830
0.6057,0,61.698290,61.698290,61.512740
0.6076,0,61.698290,61.698290,61.517460
0.6092,0,61.698290,61.698280,61.520730
0.6107,0,61.698290,61.698290,61.523580
0.6123,0,61.698290,61.698290,61.526180
0.6140,0,61.698290,61.698290,61.529090
0.6160,0,61.698290,61.698290,61.531970
0.6178,0,61.698290,61.698290,61.535290
0.6194,0,61.698290,61.698290,61.538270
0.6212,0,61.698290,61.698290,61.540760
0.6231,0,61.698290,61.698290,61.543600
0.6251,0,61.698290,61.698290,61.546720
0.6268,0,61.698290,61.698290,61.549680
0.6287,0,61.698290,61.698290,61.552380
0.6304,0,61.698290,61.698290,61.555130
0.6327,0,61.698290,61.698290,61.557540
0.6347,0,61.698290,61.698290,61.560970
0.6360,0,61.698290,61.698290,61.563730
0.6375,0,61.698290,61.698290,61.565560
0.6397,0,61.698290,61.698290,61.567630
0.6420,0,61.698290,61.698290,61.570550
0.6439,0,61.698290,61.698290,61.573510
0.6453,0,61.698290,61.698290,61.576020
0.6471,0,61.698290,61.698290,61.577790
0.6495,0,61.698290,61.698290,61.580010
0.6516,0,61.698290,61.698290,61.582900
0.6545,0,61.698290,61.698290,61.585490
0.6599,0,61.698290,61.698290,61.588810
0.6619,0,61.698290,61.698290,61.594940
0.6645,0,61.698290,61.698290,61.597100
0.6669,0,61.698290,61.698290,61.599800
0.6688,0,61.698290,61.698290,61.602230
0.6701,0,61.698290,61.698290,61.604130
0.6719,0,61.698290,61.698290,61.605510
0.6737,0,61.698290,61.698290,61.607280
0.6756,0,61.698290,61.698290,61.608960
0.6769,0,61.698290,61.698290,61.610730
0.6784,0,61.698290,61.698290,61.612010
0.6801,0,61.698290,61.698290,61.613320
0.6829,0,61.698290,61.698290,61.615390
0.6846,0,61.698290,61.698290,61.617320
0.6862,0,61.698290,61.698290,61.618830
0.6878,0,61.698290,61.698290,61.620120
0.6898,0,61.698290,61.698290,61.621450
0.6920,0,61.698290,61.698290,61.623140
0.6936,0,61.698290,61.698290,61.624860
0.6953,0,61.698290,61.698290,61.626180
0.6970,0,61.698290,61.698290,61.627450
0.6987,0,61.698290,61.698290,61.628730
0.7004,0,61.698290,61.698290,61.630040
0.7019,0,61.698290,61.698290,61.631240
0.7036,0,61.698290,61.698290,61.632330
0.7058,0,61.698290,61.698290,61.633580
0.7075,0,61.698290,61.698290,61.635050
0.7096,0,61.698290,61.698290,61.636210
0.7109,0,61.698290,61.698280,61.637640
0.7122,0,61.698290,61.698290,61.638500
0.7139,0,61.698290,61.698290,61.639360
0.7155,0,61.698290,61.698290,61.640440
0.7172,0,61.698290,61.698290,61.641410
0.7192,0,61.698290,61.698290,61.642450
0.7213,0,61.698290,61.698290,61.643690
0.7235,0,61.698290,61.698290,61.644920
0.7253,0,61.698290,61.698290,61.646210
0.7268,0,61.698290,61.698290,61.647190
0.7285,0,61.698290,61.698290,61.648030
0.7303,0,61.698290,61.698290,61.648980
0.7323,0,61.698290,61.698280,61.649950
0.7338,0,61.698290,61.698290,61.650990
0.7351,0,61.698290,61.698290,61.651770
0.7367,0,61.698290,61.698290,61.652450
0.7384,0,61.698290,61.698290,61.653240
0.7404,0,61.698290,61.698290,61.654100
0.7422,0,61.698290,61.698290,61.655060
0.7439,0,61.698290,61.698290,61.655910
0.7452,0,61.698290,61.698290,61.656680
0.7467,0,61.698290,61.698290,61.657250
0.7487,0,61.698290,61.698290,61.657970
0.7506,0,61.698290,61.698290,61.658840
0.7523,0,61.698290,61.698290,61.659660
0.7537,0,61.698290,61.698290,61.660370
0.7553,0,61.698290,61.698290,61.661000
0.7571,0,61.698290,61.698290,61.661630
0.7587,0,61.698290,61.698290,61.662370
0.7604,0,61.698290,61.698290,61.662990
0.7618,0,61.698290,61.698290,61.663650
0.7636,0,61.698290,61.698290,61.664180
0.7658,0,61.698290,61.698290,61.664890
0.7675,0,61.698290,61.698290,61.665670
0.7692,0,61.698290,61.698290,61.666280
0.7710,0,61.698290,61.698290,61.666890
0.7730,0,61.698290,61.698290,61.667530
0.7747,0,61.698290,61.698280,61.668200
0.7763,0,61.698290,61.698290,61.668770
0.7777,0,61.698290,61.698290,61.669280
0.7791,0,61.698290,61.698290,61.669750
0.7809,0,61.698290,61.698290,61.670200
0.7827,0,61.698290,61.698290,61.670750
0.7841,0,61.698290,61.698290,61.671320
0.7855,0,61.698290,61.698290,61.671740
0.7872,0,61.698290,61.698290,61.672160
0.7893,0,61.698290,61.698290,61.672640
0.7914,0,61.698290,61.698290,61.673270
0.7936,0,61.698290,61.698290,61.673840
0.7952,0,61.698290,61.698290,61.674440
0.7970,0,61.698290,61.698290,61.674880
0.7989,0,61.698290,61.698290,61.675340
0.8007,0,61.698290,61.698290,61.675830
0.8022,0,61.698290,61.698290,61.676270
0.8037,0,61.698290,61.698290,61.676650
0.8055,0,61.698290,61.698290,61.677030
0.8073,0,61.698290,61.698290,61.677450
0.8093,0,61.698290,61.698290,61.677870
0.8108,0,61.698290,61.698290,61.678310
0.8123,0,61.698290,61.698290,61.678650
0.8139,0,61.698290,61.698290,61.678980
0.8159,0,61.698290,61.698290,61.679350
0.8176,0,61.698290,61.698290,61.679770
0.8192,0,61.698290,61.698290,61.680120
0.8212,0,61.698290,61.698290,61.680460
0.8231,0,61.698290,61.698290,61.680840
0.8246,0,61.698290,61.698290,61.681220
0.8260,0,61.698290,61.698290,61.681520
0.8274,0,61.698290,61.698290,61.681780
0.8294,0,61.698290,61.698290,61.682050
0.8315,0,61.698290,61.698290,61.682420
0.8339,0,61.698290,61.698290,61.682800
0.8356,0,61.698290,61.698290,61.683200
0.8370,0,61.698290,61.698290,61.683490
0.8387,0,61.698290,61.698290,61.683730
0.8407,0,61.698290,61.698290,61.684020
0.8429,0,61.698290,61.698290,61.684350
0.8446,0,61.698290,61.698290,61.684690
0.8462,0,61.698290,61.698290,61.684950
0.8488,0,61.698290,61.698290,61.685200
0.8519,0,61.698290,61.698290,61.685580
0.8534,0,61.698290,61.698290,61.686020
0.8549,0,61.698290,61.698290,61.686240
0.8566,0,61.698290,61.698290,61.686440
0.8591,0,61.698290,61.698290,61.686690
0.8613,0,61.698290,61.698290,61.687000
0.8631,0,61.698290,61.698290,61.687280
0.8650,0,61.698290,61.698290,61.687510
0.8668,0,61.698290,61.698290,61.687740
0.8684,0,61.698290,61.698290,61.687960
0.8701,0,61.698290,61.698290,61.688160
0.8717,0,61.698290,61.698290,61.688350
0.8733,0,61.698290,61.698290,61.688530
0.8766,0,61.698290,61.698290,61.688720
0.8782,0,61.698290,61.698290,61.689080
0.8798,0,61.698290,61.698290,61.689250
0.8815,0,61.698290,61.698290,61.689410
0.8835,0,61.698290,61.698290,61.689590
0.8855,0,61.698290,61.698290,61.689780
0.8871,0,61.698290,61.698290,61.689980
0.8886,0,61.698290,61.698290,61.690130
0.8907,0,61.698290,61.698290,61.690280
0.8930,0,61.698290,61.698290,61.690470
0.8947,0,61.698290,61.698290,61.690670
0.8967,0,61.698290,61.698290,61.690830
0.8990,0,61.698290,61.698290,61.691000
0.9006,0,61.698290,61.698290,61.691200
0.9020,0,61.698290,61.698290,61.691330
0.9035,0,61.698290,61.698290,61.691440
0.9052,0,61.698290,61.698290,61.691560
0.9071,0,61.698290,61.698290,61.691690
0.9094,0,61.698290,61.698290,61.691830
0.9111,0,61.698290,61.698290,61.692010
0.9125,0,61.698290,61.698290,61.692120
0.9151,0,61.698290,61.698290,61.692230
0.9180,0,61.698290,61.698290,61.692410
0.9195,0,61.698290,61.698290,61.692610
0.9211,0,61.698290,61.698290,61.692710
0.9230,0,61.698290,61.698290,61.692810
0.9250,0,61.698290,61.698290,61.692940
0.9270,0,61.698290,61.698290,61.693060
0.9289,0,61.698290,61.698290,61.693180
0.9309,0,61.698290,61.698280,61.693290
0.9329,0,61.698290,61.698290,61.693410
0.9344,0,61.698290,61.698290,61.693520
0.9359,0,61.698290,61.698290,61.693610
0.9373,0,61.698290,61.698290,61.693690
0.9390,0,61.698290,61.698290,61.693770
0.9407,0,61.698290,61.698290,61.693860
0.9425,0,61.698290,61.698290,61.693940
0.9439,0,61.698290,61.698290,61.694030
0.9454,0,61.698290,61.698290,61.694110
0.9468,0,61.698290,61.698290,61.694180
0.9487,0,61.698290,61.698290,61.694250
0.9504,0,61.698290,61.698290,61.694340
0.9518,0,61.698290,61.698290,61.694410
0.9530,0,61.698290,61.698290,61.694480
0.9547,0,61.698290,61.698290,61.694530
0.9566,0,61.698290,61.698290,61.694610
0.9584,0,61.698290,61.698290,61.694690
0.9598,0,61.698290,61.698290,61.694760
0.9615,0,61.698290,61.698290,61.694820
0.9632,0,61.698290,61.698290,61.694890
0.9651,0,61.698290,61.698290,61.694960
0.9669,0,61.698290,61.698290,61.695030
0.9687,0,61.698290,61.698290,61.695100
0.9700,0,61.698290,61.698290,61.695160
0.9719,0,61.698290,61.698290,61.695210
0.9739,0,61.698290,61.698290,61.695280
0.9754,0,61.698290,61.698290,61.695350
0.9767,0,61.698290,61.698290,61.695400
0.9783,0,61.698290,61.698290,61.695450
0.9798,0,61.698290,61.698290,61.695500
0.9815,0,61.698290,61.698290,61.695550
0.9832,0,61.698290,61.698290,61.695610
0.9851,0,61.698290,61.698290,61.695660
0.9866,0,61.698290,61.698290,61.695720
0.9887,0,61.698290,61.698290,61.695760
0.9905,0,61.698290,61.698290,61.695820
0.9922,0,61.698290,61.698290,61.695880
0.9939,0,61.698290,61.698290,61.695920
0.9957,0,61.698290,61.698290,61.695970
0.9979,0,61.698290,61.698290,61.696020
0.9996,0,61.698290,61.698290,61.696080
1.0013,1,61.698290,61.698290,61.696120
1.0028,1,61.698290,61.698290,61.696160
1.0045,1,61.698290,61.698290,61.696200
1.0061,1,61.698290,61.698290,61.696240
1.0077,1,61.698290,61.698290,61.696280
1.0095,1,61.706450,61.698920,61.696320
1.0109,1,61.706450,61.699610,61.696360
1.0127,1,61.706450,61.700230,61.696390
1.0150,1,61.706450,61.700940,61.696430
1.0169,1,61.706450,61.701880,61.696490
1.0185,1,61.706450,61.702650,61.696540
1.0200,1,61.706450,61.703290,61.696580
1.0216,1,61.706450,61.703930,61.696620
1.0234,1,61.706450,61.704560,61.696660
1.0252,1,61.706450,61.705320,61.696720
1.0270,1,61.706450,61.706040,61.696770
1.0288,1,61.722780,61.707070,61.696830
1.0307,1,61.722780,61.708600,61.696890
1.0328,1,61.722780,61.710140,61.696960
1.0347,1,61.722780,61.711810,61.697040
1.0361,1,61.722780,61.713340,61.697120
1.0374,1,61.722780,61.714470,61.697180
1.0390,1,61.722780,61.715580,61.697250
1.0408,1,61.722780,61.716870,61.697330
1.0429,1,61.722780,61.718420,61.697430
1.0444,1,61.722780,61.720040,61.697550
1.0461,1,61.722780,61.721320,61.697650
1.0479,1,61.722780,61.722680,61.697760
1.0501,1,61.747270,61.724930,61.697900
1.0518,1,61.747270,61.727520,61.698070
1.0534,1,61.747270,61.729570,61.698210
1.0550,1,61.747270,61.731540,61.698350
1.0564,1,61.747270,61.733540,61.698510
1.0581,1,61.747270,61.735240,61.698650
1.0597,1,61.747270,61.737400,61.698840
1.0610,1,61.747270,61.739250,61.699020
1.0627,1,61.747270,61.740910,61.699180
1.0641,1,61.747270,61.742980,61.699390
1.0657,1,61.747270,61.744680,61.699580
1.0675,1,61.747270,61.746700,61.699810
1.0691,1,61.779920,61.749360,61.700070
1.0706,1,61.779920,61.752050,61.700330
1.0720,1,61.779920,61.754430,61.700570
1.0734,1,61.779920,61.756660,61.700810
1.0752,1,61.779920,61.759060,61.701070
1.0767,1,61.779920,61.761920,61.701400
1.0782,1,61.779920,61.764350,61.701700
1.0797,1,61.779920,61.766800,61.702010
1.0815,1,61.779920,61.769390,61.702350
1.0830,1,61.779920,61.772210,61.702750
1.0849,1,61.779920,61.774740,61.703110
1.0865,1,61.779920,61.777810,61.703580
1.0884,1,61.820740,61.780470,61.703990
1.0904,1,61.820740,61.784440,61.704520
1.0919,1,61.820740,61.788480,61.705090
1.0932,1,61.820740,61.791530,61.705530
1.0944,1,61.820740,61.794070,61.705920
1.0964,1,61.820740,61.796710,61.706330
1.0982,1,61.820740,61.800740,61.706990
1.0998,1,61.820740,61.804420,61.707610
1.1012,1,61.820740,61.807590,61.708170
1.1026,1,61.820740,61.810430,61.708690
1.1042,1,61.820740,61.813420,61.709250
1.1059,1,61.820740,61.816680,61.709880
1.1076,1,61.820740,61.820090,61.710570
1.1095,1,61.869720,61.824280,61.711320
1.1107,1,61.869720,61.828700,61.712110
1.1120,1,61.869720,61.831730,61.712670
1.1135,1,61.869720,61.834950,61.713290
1.1152,1,61.869720,61.838430,61.713970
1.1170,1,61.869720,61.842740,61.714840
1.1187,1,61.869720,61.847130,61.715760
1.1201,1,61.869720,61.851260,61.716650
1.1215,1,61.869720,61.854750,61.717420
1.1229,1,61.869720,61.858050,61.718170
1.1247,1,61.869720,61.861480,61.718980
1.1262,1,61.869720,61.866090,61.720090
1.1275,1,61.869720,61.869590,61.720950
1.1294,1,61.926860,61.873510,61.721810
1.1310,1,61.926860,61.878690,61.722960
1.1328,1,61.926860,61.883540,61.724080
1.1343,1,61.926860,61.888650,61.725280
1.1356,1,61.926860,61.892780,61.726290
1.1374,1,61.926860,61.896600,61.727230
1.1392,1,61.926860,61.901810,61.728560
1.1411,1,61.926860,61.906960,61.729910
1.1427,1,61.926860,61.912410,61.731370
1.1443,1,61.926860,61.916930,61.732620
1.1460,1,61.926860,61.921460,61.733910
1.1478,1,61.926860,61.926400,61.735340
1.1497,1,61.992170,61.932190,61.736860
1.1514,1,61.992170,61.938120,61.738450
1.1529,1,61.992170,61.943680,61.739970
1.1548,1,61.992170,61.948620,61.741350
1.1564,1,61.992170,61.954910,61.743150
1.1578,1,61.992170,61.960050,61.744660
1.1594,1,61.992170,61.964800,61.746080
1.1607,1,61.992170,61.969730,61.747590
1.1623,1,61.992170,61.974370,61.749030
1.1637,1,61.992170,61.979380,61.750620
1.1655,1,61.992170,61.984090,61.752140
1.1673,1,61.992170,61.989880,61.754060
1.1691,1,62.065640,61.996350,61.756080
1.1709,1,62.065640,62.002890,61.758080
1.1730,1,62.065640,62.009540,61.760160
1.1748,1,62.065640,62.017090,61.762580
1.1764,1,62.065640,62.023570,61.764700
1.1779,1,62.065640,62.029600,61.766720
1.1797,1,62.065640,62.035110,61.768590
1.1814,1,62.065640,62.041700,61.770870
1.1831,1,62.065640,62.048140,61.773150
1.1844,1,62.065640,62.054040,61.775280
1.1856,1,62.065640,62.058990,61.777090
1.1873,1,62.065640,62.063560,61.778790
1.1893,1,62.147270,62.070220,61.781120
1.1910,1,62.147270,62.078170,61.783870
1.1926,1,62.147270,62.085320,61.786400
1.1940,1,62.147270,62.091560,61.788640
1.1956,1,62.147270,62.097420,61.790770
1.1972,1,62.147270,62.103960,61.793180
1.1991,1,62.147270,62.110520,61.795650
1.2008,1,62.147270,62.118170,61.798570
1.2022,1,62.147270,62.125120,61.801270
1.2039,1,62.147270,62.131040,61.803610
1.2057,1,62.147270,62.137920,61.806370
1.2075,1,62.147270,62.145390,61.809410
1.2091,1,62.237070,62.153290,61.812460
1.2103,1,62.237070,62.160200,61.815110
1.2120,1,62.237070,62.165730,61.817250
1.2138,1,62.237070,62.173290,61.820220
1.2155,1,62.237070,62.181140,61.823350
1.2169,1,62.237070,62.188970,61.826520
1.2181,1,62.237070,62.195230,61.829090
1.2204,1,62.237070,62.201440,61.831670
1.2223,1,62.237070,62.211060,61.835730
1.2247,1,62.237070,62.219600,61.839400
1.2267,1,62.237070,62.230300,61.844070
1.2282,1,62.335030,62.239400,61.848050
1.2296,1,62.335030,62.246500,61.850980
1.2316,1,62.335030,62.253630,61.853970
1.2335,1,62.335030,62.263780,61.858280
1.2349,1,62.335030,62.272930,61.862240
1.2367,1,62.335030,62.279820,61.865250
1.2383,1,62.335030,62.288500,61.869090
1.2403,1,62.335030,62.296490,61.872680
1.2419,1,62.335030,62.306240,61.877110
1.2433,1,62.335030,62.313950,61.880670
1.2450,1,62.335030,62.320710,61.883820
1.2466,1,62.335030,62.329190,61.887830
1.2485,1,62.441150,62.337010,61.891490
1.2501,1,62.441150,62.347370,61.896110
1.2519,1,62.441150,62.355920,61.899980
1.2533,1,62.441150,62.365110,61.904190
1.2549,1,62.441150,62.372860,61.907780
1.2568,1,62.441150,62.381360,61.911770
1.2585,1,62.441150,62.391360,61.916500
1.2602,1,62.441150,62.400230,61.920760
1.2618,1,62.441150,62.409380,61.925200
1.2634,1,62.441150,62.417800,61.929330
1.2657,1,62.441150,62.426380,61.933590
1.2676,1,62.441150,62.438790,61.939830
1.2694,1,62.553310,62.448870,61.944760
1.2713,1,62.553310,62.459070,61.949750
1.2739,1,62.553310,62.469780,61.955040
1.2756,1,62.553310,62.484080,61.962210
1.2770,1,62.553310,62.493770,61.967140
1.2787,1,62.553310,62.501840,61.971290
1.2809,1,62.553310,62.511060,61.976070
1.2829,1,62.553310,62.523680,61.982690
1.2844,1,62.553310,62.534980,61.988690
1.2860,1,62.553310,62.543330,61.993180
1.2878,1,62.553310,62.552070,61.997920
1.2903,1,62.665470,62.562020,62.003360
1.2922,1,62.665470,62.576160,62.011200
1.2939,1,62.665470,62.587010,62.017290
1.2959,1,62.665470,62.596670,62.022770
1.2980,1,62.665470,62.607390,62.028910
1.3003,1,62.665470,62.619360,62.035840
1.3020,1,62.665470,62.632300,62.043430
1.3034,1,62.665470,62.641650,62.048970
1.3051,1,62.665470,62.649650,62.053750
1.3076,1,62.665470,62.659190,62.059490
1.3099,1,62.777640,62.673160,62.067990
1.3114,1,62.777640,62.686150,62.075980
1.3129,1,62.777640,62.694440,62.081130
1.3152,1,62.777640,62.703270,62.086660
1.3173,1,62.777640,62.715720,62.094510
1.3192,1,62.777640,62.728040,62.102380
1.3212,1,62.777640,62.738310,62.108990
1.3233,1,62.777640,62.749730,62.116400
1.3255,1,62.777640,62.761480,62.124100
1.3274,1,62.777640,62.773750,62.132210
1.3294,1,62.889800,62.784520,62.139400
1.3315,1,62.889800,62.795290,62.146640
1.3335,1,62.889800,62.807060,62.154620
1.3353,1,62.889800,62.818450,62.162400
1.3367,1,62.889800,62.828580,62.169370
1.3390,1,62.889800,62.836230,62.174670
1.3412,1,62.889800,62.849430,62.183870
1.3424,1,62.889800,62.861700,62.192500
1.3440,1,62.889800,62.868270,62.197160
1.3456,1,62.889800,62.877180,62.203490
1.3475,1,62.889800,62.886570,62.210200
1.3495,1,63.001960,62.896740,62.217510
1.3513,1,63.001960,62.908150,62.225780
1.3526,1,63.001960,62.918530,62.233350
1.3538,1,63.001960,62.925720,62.238610
1.3554,1,63.001960,62.932490,62.243590
1.3577,1,63.001960,62.941580,62.250310
1.3594,1,63.001960,62.954530,62.259930
1.3607,1,63.001960,62.963390,62.266550
1.3622,1,63.001960,62.971000,62.272270
1.3641,1,63.001960,62.979280,62.278510
1.3666,1,63.001960,62.990330,62.286880
1.3684,1,63.114130,63.004180,62.297440
1.3699,1,63.114130,63.014120,62.305070
1.3717,1,63.114130,63.022560,62.311580
1.3738,1,63.114130,63.032760,62.319470
1.3755,1,63.114130,63.044430,62.328540
1.3769,1,63.114130,63.053880,62.335940
1.3782,1,63.114130,63.061840,62.342190
1.3803,1,63.114130,63.069330,62.348090
1.3822,1,63.114130,63.081080,62.357380
1.3840,1,63.114130,63.091710,62.365830
1.3859,1,63.114130,63.101840,62.373930
1.3873,1,63.114130,63.112210,62.382240
1.3893,1,63.226290,63.120440,62.388870
1.3919,1,63.226290,63.131660,62.397930
1.3940,1,63.226290,63.146170,62.409720
1.3957,1,63.226290,63.157890,62.419290
1.3973,1,63.226290,63.167190,62.426920
1.3993,1,63.226290,63.176510,62.434580
1.4010,0,63.226290,63.187670,62.443800
1.4025,0,63.226290,63.197240,62.451730
1.4039,0,63.226290,63.205650,62.458720
1.4053,0,63.226290,63.213530,62.465300
1.4069,0,63.226290,63.221070,62.471600
1.4089,0,63.310620,63.229250,62.479280
1.4103,0,63.310620,63.237570,62.488580
1.4118,0,63.310620,63.243330,62.495050
1.4137,0,63.310620,63.250020,62.502570
1.4157,0,63.310620,63.257970,62.511530
1.4175,0,63.310620,63.266320,62.520970
1.4191,0,63.310620,63.273670,62.529290
1.4204,0,63.310620,63.280510,62.537050
1.4224,0,63.310620,63.286220,62.543530
1.4248,0,63.310620,63.294330,62.552760
1.4271,0,63.310620,63.304740,62.564640
1.4291,0,63.367110,63.313160,62.575680
1.4318,0,63.367110,63.318860,62.585410
1.4337,0,63.367110,63.326540,62.598560
1.4354,0,63.367110,63.331620,62.607240
1.4374,0,63.367110,63.336700,62.615940
1.4390,0,63.367110,63.342090,62.625160
1.4409,0,63.367110,63.346780,62.633190
1.4426,0,63.367110,63.352140,62.642350
1.4441,0,63.367110,63.356740,62.650210
1.4459,0,63.367110,63.361270,62.657940
1.4482,0,63.367110,63.366200,62.666350
1.4501,0,63.395760,63.370030,62.677670
1.4517,0,63.395760,63.372690,62.686600
1.4533,0,63.395760,63.375040,62.694460
1.4546,0,63.395760,63.377240,62.701770
1.4564,0,63.395760,63.379190,62.708290
1.4580,0,63.395760,63.381760,62.716810
1.4596,0,63.395760,63.383930,62.724000
1.4608,0,63.395760,63.386230,62.731570
1.4627,0,63.395760,63.388050,62.737560
1.4645,0,63.395760,63.390720,62.746320
1.4664,0,63.395760,63.393270,62.754680
1.4683,0,63.396580,63.395770,62.763790
1.4698,0,63.396580,63.395840,62.772240
1.4716,0,63.396580,63.395910,62.779580
1.4740,0,63.396580,63.395980,62.787740
1.4756,0,63.396580,63.396080,62.798470
1.4772,0,63.396580,63.396140,62.805930
1.4791,0,63.396580,63.396210,62.813200
1.4812,0,63.396580,63.396290,62.821640
1.4833,0,63.396580,63.396370,62.830860
1.4853,0,63.396580,63.396460,62.840450
1.4870,0,63.396580,63.396540,62.849010
1.4897,0,63.396580,63.396580,62.856580
1.4920,0,63.396580,63.396580,62.867820
1.4940,0,63.396580,63.396580,62.877630
1.4957,0,63.396580,63.396580,62.885970
1.4979,0,63.396580,63.396580,62.893280
1.4998,0,63.396580,63.396580,62.902450
1.5019,0,63.396580,63.396580,62.910130
1.5034,0,63.396580,63.396580,62.918290
1.5050,0,63.396580,63.396580,62.924480
1.5071,0,63.396580,63.396580,62.930890
1.5091,0,63.396580,63.396580,62.939190
1.5108,0,63.396580,63.396580,62.946990
1.5122,0,63.396580,63.396580,62.953020
1.5141,0,63.396580,63.396580,62.958520
1.5161,0,63.396580,63.396580,62.965850
1.5177,0,63.396580,63.396570,62.973100
1.5190,0,63.396580,63.396580,62.978810
1.5209,0,63.396580,63.396580,62.983880
1.5226,0,63.396580,63.396580,62.990430
1.5244,0,63.396580,63.396580,62.996660
1.5260,0,63.396580,63.396580,63.003070
1.5276,0,63.396580,63.396580,63.008670
1.5297,0,63.396580,63.396580,63.014180
1.5316,0,63.396580,63.396580,63.021270
1.5336,0,63.396580,63.396580,63.027400
1.5355,0,63.396580,63.396580,63.034190
1.5372,0,63.396580,63.396580,63.040510
1.5388,0,63.396580,63.396580,63.045880
1.5405,0,63.396580,63.396580,63.050900
1.5426,0,63.396580,63.396580,63.056270
1.5444,0,63.396580,63.396580,63.062680
1.5461,0,63.396580,63.396580,63.068340
1.5478,0,63.396580,63.396580,63.073420
1.5501,0,63.396580,63.396570,63.078400
1.5518,0,63.396580,63.396580,63.085140
1.5529,0,63.396580,63.396580,63.090020
1.5544,0,63.396580,63.396580,63.093310
1.5559,0,63.396580,63.396580,63.097450
1.5579,0,63.396580,63.396580,63.101920
1.5596,0,63.396580,63.396580,63.107320
1.5612,0,63.396580,63.396580,63.111810
1.5628,0,63.396580,63.396580,63.116130
1.5645,0,63.396580,63.396580,63.120240
1.5663,0,63.396580,63.396580,63.124940
1.5683,0,63.396580,63.396580,63.129650
1.5701,0,63.396580,63.396580,63.134550
1.5718,0,63.396580,63.396580,63.139130
1.5737,0,63.396580,63.396580,63.143360
1.5761,0,63.396580,63.396580,63.148000
1.5779,0,63.396580,63.396580,63.153510
1.5798,0,63.396580,63.396580,63.157710
1.5816,0,63.396580,63.396580,63.162090
1.5833,0,63.396580,63.396580,63.166270
1.5847,0,63.396580,63.396580,63.170010
1.5864,0,63.396580,63.396580,63.173230
1.5881,0,63.396580,63.396580,63.176950
1.5899,0,63.396580,63.396580,63.180520
1.5918,0,63.396580,63.396580,63.184410
1.5935,0,63.396580,63.396580,63.188290
1.5951,0,63.396580,63.396580,63.191680
1.5968,0,63.396580,63.396580,63.194910
1.5982,0,63.396580,63.396580,63.198350
1.5995,0,63.396580,63.396580,63.201050
1.6009,0,63.396580,63.396580,63.203660
1.6023,0,63.396580,63.396580,63.206340
1.6037,0,63.396580,63.396580,63.208950
1.6057,0,63.396580,63.396580,63.211520
1.6075,0,63.396580,63.396580,63.215300
1.6094,0,63.396580,63.396580,63.218640
1.6108,0,63.396580,63.396580,63.221950
1.6126,0,63.396580,63.396580,63.224460
1.6144,0,63.396580,63.396580,63.227540
1.6162,0,63.396580,63.396580,63.230620
1.6184,0,63.396580,63.396580,63.233620
1.6218,0,63.396580,63.396580,63.237880
1.6390,0,63.396580,63.396580,63.242570
1.6420,0,63.396580,63.396580,63.267760
1.6449,0,63.396580,63.396580,63.271510
1.6463,0,63.396580,63.396580,63.275300
1.6482,0,63.396580,63.396580,63.277000
1.6535,0,63.396580,63.396570,63.279460
1.6551,0,63.396580,63.396580,63.285680
1.6619,0,63.396580,63.396580,63.287570
1.6637,0,63.396580,63.396580,63.295200
1.6707,0,63.396580,63.396580,63.297010
1.6728,0,63.396580,63.396580,63.304180
1.6785,0,63.396580,63.396580,63.306200
1.6804,0,63.396580,63.396580,63.311490
1.6868,0,63.396580,63.396580,63.313240
1.6885,0,63.396580,63.396580,63.318710
1.6952,0,63.396580,63.396570,63.320160
1.6981,0,63.396580,63.396580,63.325510
1.7034,0,63.396580,63.396580,63.327720
1.7056,0,63.396580,63.396580,63.331540
1.7116,0,63.396580,63.396580,63.333060
1.7131,0,63.396580,63.396580,63.337070
1.7200,0,63.396580,63.396580,63.338040
1.7219,0,63.396580,63.396580,63.342300
1.7284,0,63.396580,63.396580,63.343380
1.7313,0,63.396580,63.396580,63.347070
1.7371,0,63.396580,63.396580,63.348590
1.7389,0,63.396580,63.396580,63.351560
1.7454,0,63.396580,63.396580,63.352470
1.7475,0,63.396580,63.396580,63.355520
1.7535,0,63.396580,63.396580,63.356490
1.7554,0,63.396580,63.396580,63.359050
1.7620,0,63.396580,63.396580,63.359840
1.7637,0,63.396580,63.396580,63.362450
1.7701,0,63.396580,63.396580,63.363070
1.7722,0,63.396580,63.396580,63.365400
1.7784,0,63.396580,63.396580,63.366120
1.7804,0,63.396580,63.396580,63.368160
1.7868,0,63.396580,63.396580,63.368810
1.7882,0,63.396580,63.396580,63.370720
1.7951,0,63.396580,63.396580,63.371140
1.7975,0,63.396580,63.396580,63.373050
1.8033,0,63.396580,63.396580,63.373680
1.8047,0,63.396580,63.396580,63.375130
1.8071,0,63.396580,63.396580,63.375470
1.8116,0,63.396580,63.396580,63.376030
1.8134,0,63.396580,63.396580,63.377060
1.8200,0,63.396580,63.396580,63.377470
1.8216,0,63.396580,63.396580,63.378850
1.8284,0,63.396580,63.396580,63.379160
1.8300,0,63.396580,63.396580,63.380460
1.8368,0,63.396580,63.396580,63.380760
1.8383,0,63.396580,63.396580,63.381930
1.8451,0,63.396580,63.396580,63.382180
1.8470,0,63.396580,63.396580,63.383260
1.8533,0,63.396580,63.396580,63.383550
1.8546,0,63.396580,63.396580,63.384460
1.8564,0,63.396580,63.396580,63.384650
1.8622,0,63.396580,63.396580,63.384900
1.8641,0,63.396580,63.396580,63.385640
1.8701,0,63.396580,63.396580,63.385880
1.8718,0,63.396580,63.396580,63.386600
1.8786,0,63.396580,63.396580,63.386800
1.8809,0,63.396580,63.396580,63.387540
1.8870,0,63.396580,63.396580,63.387780
1.8900,0,63.396580,63.396570,63.388370
1.8952,0,63.396580,63.396580,63.388660
1.8971,0,63.396580,63.396580,63.389120
1.9035,0,63.396580,63.396580,63.389290
1.9051,0,63.396580,63.396580,63.389800
1.9119,0,63.396580,63.396580,63.389940
1.9141,0,63.396580,63.396580,63.390440
1.9201,0,63.396580,63.396580,63.390610
1.9218,0,63.396580,63.396580,63.391000
1.9284,0,63.396580,63.396580,63.391110
1.9300,0,63.396580,63.396580,63.391520
1.9367,0,63.396580,63.396580,63.391610
1.9385,0,63.396580,63.396580,63.391990
1.9451,0,63.396580,63.396580,63.392090
1.9467,0,63.396580,63.396580,63.392420
1.9534,0,63.396580,63.396580,63.392500
1.9550,0,63.396580,63.396580,63.392810
1.9616,0,63.396580,63.396580,63.392880
1.9633,0,63.396580,63.396580,63.393150
1.9702,0,63.396580,63.396580,63.393220
1.9721,0,63.396580,63.396580,63.393490
1.9784,0,63.396580,63.396580,63.393550
1.9801,0,63.396580,63.396580,63.393770
1.9867,0,63.396580,63.396580,63.393830
1.9888,0,63.396580,63.396580,63.394030
1.9951,0,63.396580,63.396580,63.394090
1.9970,0,63.396580,63.396580,63.394270
2.0033,1,63.396580,63.396580,63.394330
2.0049,1,63.396580,63.396580,63.394490
2.0126,1,63.396580,63.396580,63.394530
2.0145,1,63.404740,63.399170,63.394720
2.0211,1,63.404740,63.399980,63.394770
2.0228,1,63.404740,63.402660,63.394950
2.0295,1,63.404740,63.403350,63.395000
2.0318,1,63.421070,63.407410,63.395240
2.0364,1,63.421070,63.409330,63.395340
2.0380,1,63.421070,63.413070,63.395550
2.0402,1,63.421070,63.414410,63.395640
2.0448,1,63.421070,63.416210,63.395760
2.0467,1,63.421070,63.419930,63.396060
2.0535,1,63.445560,63.421660,63.396200
2.0558,1,63.445560,63.429950,63.396790
2.0615,1,63.445560,63.432860,63.397040
2.0631,1,63.445560,63.439750,63.397720
2.0646,1,63.445560,63.441720,63.397940
2.0697,1,63.445560,63.443600,63.398160
2.0713,1,63.478210,63.451160,63.398960
2.0730,1,63.478210,63.453770,63.399240
2.0783,1,63.478210,63.456740,63.399570
2.0800,1,63.478210,63.465230,63.400640
2.0871,1,63.478210,63.468120,63.401040
2.0889,1,63.519030,63.480160,63.402870
2.0950,1,63.519030,63.483650,63.403360
2.0974,1,63.519030,63.496220,63.405310
2.1033,1,63.519030,63.501070,63.406140
2.1052,1,63.519030,63.513050,63.408400
2.1115,1,63.519030,63.517030,63.409210
2.1130,1,63.568010,63.531870,63.412040
2.1146,1,63.568010,63.535710,63.412810
2.1199,1,63.568010,63.539530,63.413590
2.1218,1,63.568010,63.552450,63.416430
2.1281,1,63.568010,63.557390,63.417590
2.1298,1,63.625150,63.573530,63.421460
2.1316,1,63.625150,63.578480,63.422600
2.1362,1,63.625150,63.583600,63.423820
2.1381,1,63.625150,63.596380,63.427010
2.1397,1,63.625150,63.601990,63.428480
2.1449,1,63.625150,63.606490,63.429690
2.1467,1,63.625150,63.621380,63.433910
2.1532,1,63.690460,63.626850,63.435470
2.1546,1,63.690460,63.647880,63.441290
2.1563,1,63.690460,63.652450,63.442630
2.1614,1,63.690460,63.658160,63.444330
2.1630,1,63.690460,63.674780,63.449510
2.1647,1,63.690460,63.680080,63.451230
2.1698,1,63.690460,63.685540,63.453040
2.1715,1,63.763930,63.703760,63.458820
2.1731,1,63.763930,63.709750,63.460740
2.1782,1,63.763930,63.715670,63.462670
2.1800,1,63.763930,63.734410,63.469010
2.1866,1,63.763930,63.741040,63.471340
2.1884,1,63.845560,63.765630,63.480350
2.1961,1,63.845560,63.772990,63.482910
2.1980,1,63.845560,63.804360,63.494390
2.2033,1,63.845560,63.811950,63.497310
2.2054,1,63.845560,63.833890,63.506030
2.2134,1,63.845560,63.842180,63.509450
2.2158,1,63.935360,63.877950,63.523650
2.2180,1,63.935360,63.888630,63.528050
2.2196,1,63.935360,63.898540,63.532220
2.2212,1,63.935360,63.905510,63.535180
2.2233,1,63.935360,63.912850,63.538350
2.2259,1,63.935360,63.922340,63.542510
2.2297,1,63.935360,63.934280,63.547840
2.2329,1,64.033320,63.952210,63.555400
2.2354,1,64.033320,63.968530,63.562440
2.2378,1,64.033320,63.980180,63.567570
2.2411,1,64.033320,63.992250,63.572990
2.2428,1,64.033320,64.008270,63.580330
2.2448,1,64.033320,64.016690,63.584260
2.2461,1,64.033320,64.026240,63.588780
2.2485,1,64.033320,64.033050,63.592040
2.2749,1,64.139440,64.045310,63.597530
2.2769,1,64.251600,64.188220,63.671120
2.2787,1,64.251600,64.199560,63.677290
2.2806,1,64.251600,64.209540,63.682760
2.2830,1,64.251600,64.220490,63.688810
2.2856,1,64.251600,64.233800,63.696220
2.2888,1,64.251600,64.248040,63.704240
2.2938,1,64.363760,64.266170,63.714570
2.2962,1,64.363760,64.294030,63.730720
2.2982,1,64.363760,64.307470,63.738640
2.3000,1,64.363760,64.318570,63.745240
2.3022,1,64.363760,64.329090,63.751550
2.3043,1,64.363760,64.341530,63.759080
2.3078,1,64.363760,64.353110,63.766140
2.3099,1,64.475920,64.372740,63.778240
2.3116,1,64.475920,64.384610,63.785650
2.3155,1,64.475920,64.394170,63.791650
2.3170,1,64.475920,64.415620,63.805280
2.3190,1,64.475920,64.424640,63.811080
2.3241,1,64.475920,64.435230,63.817920
2.3258,1,64.475920,64.464250,63.836940
2.3276,1,64.475920,64.473970,63.843400
2.3322,1,64.588080,64.483930,63.850070
2.3339,1,64.588080,64.509220,63.867180
2.3357,1,64.588080,64.519260,63.874050
2.3408,1,64.588080,64.529270,63.880940
2.3425,1,64.588080,64.557840,63.900840
2.3450,1,64.588080,64.567110,63.907390
2.3489,1,64.588080,64.581490,63.917590
2.3506,1,64.700240,64.602970,63.933000
2.3520,1,64.700240,64.612680,63.940030
2.3574,1,64.700240,64.620340,63.945600
2.3591,1,64.700240,64.650990,63.968110
2.3659,1,64.700240,64.660450,63.975140
2.3675,1,64.700240,64.698300,64.003620
2.3741,1,64.812400,64.707690,64.010770
2.3756,1,64.812400,64.744220,64.038930
2.3774,1,64.812400,64.753160,64.045910
2.3824,1,64.812400,64.762860,64.053500
2.3839,1,64.812400,64.790750,64.075490
2.3855,1,64.812400,64.799320,64.082300
2.3904,1,64.812400,64.808620,64.089710
2.3919,1,64.924560,64.835680,64.111440
2.3936,1,64.924560,64.844690,64.118730
2.3989,1,64.924560,64.854170,64.126430
2.4007,0,64.924560,64.883370,64.150290
2.4076,0,64.924560,64.893990,64.159030
2.4093,0,65.008890,64.930470,64.190960
2.4157,0,65.008890,64.937680,64.199010
2.4175,0,65.008890,64.964610,64.229170
2.4241,0,65.008890,64.972110,64.237640
2.4257,0,65.008890,65.000130,64.269360
2.4326,0,65.008890,65.006940,64.277100
2.4345,0,65.065380,65.027030,64.310170
2.4407,0,65.065380,65.032840,64.320080
2.4426,0,65.065380,65.049900,64.349090
2.4491,0,65.065380,65.055330,64.358310
2.4506,0,65.094030,65.069430,64.388850
2.4525,0,65.094030,65.071690,64.396340
2.4574,0,65.094030,65.074310,64.405080
2.4591,0,65.094030,65.081360,64.428320
2.4657,0,65.094030,65.083850,64.436500
2.4672,0,65.094030,65.093230,64.466990
2.4693,0,65.094850,65.094070,64.474190
2.4737,0,65.094850,65.094160,64.483920
2.4755,0,65.094850,65.094340,64.503860
2.4772,0,65.094850,65.094410,64.511610
2.4825,0,65.094850,65.094480,64.519620
2.4846,0,65.094850,65.094700,64.543040
2.4908,0,65.094850,65.094780,64.551950
2.4925,0,65.094850,65.094850,64.578320
2.4990,0,65.094850,65.094850,64.585500
2.5005,0,65.094850,65.094850,64.612110
2.5023,0,65.094850,65.094850,64.618160
2.5070,0,65.094850,65.094850,64.625480
2.5088,0,65.094850,65.094850,64.643760
2.5109,0,65.094850,65.094850,64.650570
2.5161,0,65.094850,65.094850,64.658580
2.5186,0,65.094850,65.094850,64.677640
2.5254,0,65.094850,65.094850,64.687000
2.5283,0,65.094850,65.094850,64.710770
2.5415,0,65.094850,65.094850,64.720540
2.5454,0,65.094850,65.094850,64.762990
2.5499,0,65.094850,65.094850,64.774770
2.5545,0,65.094850,65.094850,64.787700
2.5658,0,65.094850,65.094850,64.801050
2.5673,0,65.094850,65.094850,64.830570
2.5696,0,65.094850,65.094850,64.834290
2.5723,0,65.094850,65.094850,64.840170
2.5739,0,65.094850,65.094850,64.846650
2.5751,0,65.094850,65.094850,64.850380
2.5768,0,65.094850,65.094850,64.853220
2.5792,0,65.094850,65.094850,64.857490
2.5810,0,65.094850,65.094850,64.862760
2.5826,0,65.094850,65.094850,64.867010
2.5841,0,65.094850,65.094850,64.870330
2.5863,0,65.094850,65.094850,64.873690
2.5883,0,65.094850,65.094850,64.878520
2.5897,0,65.094850,65.094850,64.882780
2.5914,0,65.094850,65.094850,64.885660
2.5932,0,65.094850,65.094850,64.888980
2.5952,0,65.094850,65.094850,64.892700
2.5970,0,65.094850,65.094850,64.896680
2.5985,0,65.094850,65.094850,64.900190
2.6001,0,65.094850,65.094850,64.903150
2.6023,0,65.094850,65.094850,64.906170
2.6044,0,65.094850,65.094850,64.910350
2.6065,0,65.094850,65.094850,64.914210
2.6083,0,65.094850,65.094850,64.918000
2.6102,0,65.094850,65.094850,64.921100
2.6127,0,65.094850,65.094850,64.924490
2.6145,0,65.094850,65.094850,64.928730
2.6161,0,65.094850,65.094850,64.931660
2.6186,0,65.094850,65.094850,64.934260
2.6204,0,65.094850,65.094850,64.938320
2.6217,0,65.094850,65.094850,64.941250
2.6228,0,65.094850,65.094850,64.943150
2.6241,0,65.094850,65.094850,64.944890
2.6265,0,65.094850,65.094850,64.947030
2.6288,0,65.094850,65.094850,64.950670
2.6310,0,65.094850,65.094850,64.954010
2.6325,0,65.094850,65.094850,64.957050
2.6342,0,65.094850,65.094850,64.959220
2.6363,0,65.094850,65.094850,64.961600
2.6383,0,65.094850,65.094850,64.964450
2.6396,0,65.094850,65.094850,64.967120
2.6409,0,65.094850,65.094850,64.968860
2.6428,0,65.094850,65.094850,64.970580
2.6450,0,65.094850,65.094850,64.972920
2.6470,0,65.094850,65.094850,64.975700
2.6487,0,65.094850,65.094850,64.978200
2.6504,0,65.094850,65.094850,64.980280
2.6524,0,65.094850,65.094850,64.982250
2.6545,0,65.094850,65.094850,64.984660
2.6561,0,65.094850,65.094850,64.987090
2.6575,0,65.094850,65.094850,64.988870
2.6598,0,65.094850,65.094850,64.990350
2.6617,0,65.094850,65.094850,64.992900
2.6637,0,65.094850,65.094850,64.994940
2.6653,0,65.094850,65.094850,64.997040
2.6667,0,65.094850,65.094850,64.998600
2.6705,0,65.094850,65.094850,65.000050
2.6724,0,65.094850,65.094850,65.003810
2.6740,0,65.094850,65.094850,65.005660
2.6758,0,65.094850,65.094850,65.007180
2.6795,0,65.094850,65.094850,65.008800
2.6814,0,65.094850,65.094850,65.012180
2.6830,0,65.094850,65.094850,65.013840
2.6856,0,65.094850,65.094850,65.015210
2.6877,0,65.094850,65.094850,65.017440
2.6895,0,65.094850,65.094850,65.019140
2.6910,0,65.094850,65.094850,65.020600
2.6926,0,65.094850,65.094850,65.021760
2.6944,0,65.094850,65.094850,65.023020
2.6963,0,65.094850,65.094850,65.024450
2.6980,0,65.094850,65.094850,65.025870
2.6997,0,65.094850,65.094850,65.027140
2.7024,0,65.094850,65.094850,65.028320
2.7042,0,65.094850,65.094850,65.030290
2.7059,0,65.094850,65.094850,65.031530
2.7073,0,65.094850,65.094850,65.032660
2.7089,0,65.094850,65.094850,65.033600
2.7108,0,65.094850,65.094850,65.034650
2.7126,0,65.094850,65.094850,65.035900
2.7142,0,65.094850,65.094850,65.037070
2.7155,0,65.094850,65.094850,65.038060
2.7174,0,65.094850,65.094850,65.038860
2.7194,0,65.094850,65.094850,65.040000
2.7209,0,65.094850,65.094850,65.041180
2.7224,0,65.094850,65.094850,65.042030
2.7241,0,65.094850,65.094850,65.042930
2.7254,0,65.094850,65.094850,65.043860
2.7275,0,65.094850,65.094850,65.044590
2.7294,0,65.094850,65.094850,65.045780
2.7310,0,65.094850,65.094850,65.046750
2.7325,0,65.094850,65.094850,65.047600
2.7344,0,65.094850,65.094850,65.048390
2.7365,0,65.094850,65.094850,65.049320
2.7383,0,65.094850,65.094850,65.050380
2.7399,0,65.094850,65.094850,65.051250
2.7413,0,65.094850,65.094850,65.052020
2.7427,0,65.094850,65.094850,65.052680
2.7445,0,65.094850,65.094850,65.053340
2.7464,0,65.094850,65.094850,65.054190
2.7489,0,65.094850,65.094850,65.055020
2.7503,0,65.094850,65.094850,65.056080
2.7526,0,65.094850,65.094850,65.056780
2.7543,0,65.094850,65.094850,65.057670
2.7556,0,65.094850,65.094850,65.058340
2.7570,0,65.094850,65.094850,65.058890
2.7585,0,65.094850,65.094850,65.059430
2.7607,0,65.094850,65.094850,65.060030
2.7626,0,65.094850,65.094850,65.060900
2.7645,0,65.094850,65.094850,65.061610
2.7661,0,65.094850,65.094850,65.062290
2.7677,0,65.094850,65.094850,65.062880
2.7701,0,65.094850,65.094850,65.063440
2.7717,0,65.094850,65.094850,65.064260
2.7732,0,65.094850,65.094850,65.064800
2.7751,0,65.094850,65.094850,65.065310
2.7770,0,65.094850,65.094850,65.065920
2.7795,0,65.094850,65.094850,65.066550
2.7813,0,65.094850,65.094850,65.067320
2.7828,0,65.094850,65.094850,65.067860
2.7854,0,65.094850,65.094850,65.068330
2.7871,0,65.094850,65.094850,65.069080
2.7886,0,65.094850,65.094850,65.069590
2.7900,0,65.094850,65.094850,65.070010
2.7915,0,65.094850,65.094850,65.070410
2.7937,0,65.094850,65.094850,65.070820
2.7956,0,65.094850,65.094850,65.071410
2.7973,0,65.094850,65.094850,65.071900
2.7989,0,65.094850,65.094850,65.072330
2.8001,0,65.094850,65.094850,65.072720
2.8027,0,65.094850,65.094850,65.073050
2.8045,0,65.094850,65.094850,65.073690
2.8058,0,65.094850,65.094850,65.074100
2.8074,0,65.094850,65.094850,65.074420
2.8091,0,65.094850,65.094850,65.074780
2.8111,0,65.094850,65.094850,65.075170
2.8126,0,65.094850,65.094850,65.075610
2.8141,0,65.094850,65.094850,65.075940
2.8160,0,65.094850,65.094850,65.076270
2.8177,0,65.094850,65.094850,65.076660
2.8196,0,65.094850,65.094850,65.077020
2.8214,0,65.094850,65.094850,65.077400
2.8230,0,65.094850,65.094850,65.077740
2.8245,0,65.094850,65.094850,65.078060
2.8259,0,65.094850,65.094850,65.078340
2.8278,0,65.094850,65.094850,65.078610
2.8294,0,65.094850,65.094850,65.078950
2.8310,0,65.094850,65.094850,65.079230
2.8324,0,65.094850,65.094850,65.079520
2.8345,0,65.094850,65.094850,65.079760
2.8364,0,65.094850,65.094850,65.080120
2.8383,0,65.094850,65.094850,65.080440
2.8401,0,65.094850,65.094850,65.080750
2.8417,0,65.094850,65.094850,65.081030
2.8435,0,65.094850,65.094850,65.081290
2.8458,0,65.094850,65.094850,65.081570
2.8475,0,65.094850,65.094850,65.081920
2.8492,0,65.094850,65.094850,65.082170
2.8507,0,65.094850,65.094850,65.082410
2.8532,0,65.094850,65.094850,65.082630
2.8549,0,65.094850,65.094850,65.082980
2.8564,0,65.094850,65.094850,65.083210
2.8581,0,65.094850,65.094850,65.083400
2.8596,0,65.094850,65.094850,65.083630
2.8616,0,65.094850,65.094850,65.083820
2.8640,0,65.094850,65.094850,65.084080
2.8657,0,65.094850,65.094850,65.084370
2.8686,0,65.094850,65.094850,65.084580
2.8709,0,65.094850,65.094850,65.084920
2.8727,0,65.094850,65.094850,65.085180
2.8740,0,65.094850,65.094850,65.085370
2.8754,0,65.094850,65.094850,65.085520
2.8775,0,65.094850,65.094850,65.085680
2.8796,0,65.094850,65.094850,65.085910
2.8816,0,65.094850,65.094850,65.086120
2.8831,0,65.094850,65.094850,65.086320
2.8850,0,65.094850,65.094850,65.086460
2.8870,0,65.094850,65.094850,65.086650
2.8887,0,65.094850,65.094850,65.086850
2.8901,0,65.094850,65.094850,65.087000
2.8920,0,65.094850,65.094850,65.087130
2.8938,0,65.094850,65.094850,65.087300
2.8956,0,65.094850,65.094850,65.087460
2.8974,0,65.094850,65.094850,65.087610
2.8989,0,65.094850,65.094850,65.087750
2.9014,0,65.094850,65.094850,65.087880
2.9032,0,65.094850,65.094850,65.088080
2.9053,0,65.094850,65.094850,65.088230
2.9070,0,65.094850,65.094850,65.088380
2.9089,0,65.094850,65.094850,65.088510
2.9105,0,65.094850,65.094850,65.088650
2.9127,0,65.094850,65.094850,65.088760
2.9145,0,65.094850,65.094850,65.088910
2.9162,0,65.094850,65.094850,65.089040
2.9185,0,65.094850,65.094850,65.089150
2.9202,0,65.094850,65.094850,65.089300
2.9224,0,65.094850,65.094850,65.089420
2.9241,0,65.094850,65.094850,65.089550
2.9256,0,65.094850,65.094850,65.089660
2.9272,0,65.094850,65.094850,65.089750
2.9288,0,65.094850,65.094850,65.089850
2.9305,0,65.094850,65.094850,65.089940
2.9320,0,65.094850,65.094850,65.090030
2.9342,0,65.094850,65.094850,65.090120
2.9361,0,65.094850,65.094850,65.090240
2.9378,0,65.094850,65.094850,65.090340
2.9392,0,65.094850,65.094850,65.090430
2.9406,0,65.094850,65.094850,65.090510
2.9419,0,65.094850,65.094850,65.090580
2.9437,0,65.094850,65.094850,65.090640
2.9452,0,65.094850,65.094850,65.090730
2.9467,0,65.094850,65.094850,65.090810
2.9480,0,65.094850,65.094850,65.090870
2.9494,0,65.094850,65.094850,65.090930
2.9511,0,65.094850,65.094850,65.091000
2.9527,0,65.094850,65.094850,65.091080
2.9546,0,65.094850,65.094850,65.091160
2.9561,0,65.094850,65.094850,65.091240
2.9575,0,65.094850,65.094850,65.091300
2.9593,0,65.094850,65.094850,65.091360
2.9608,0,65.094850,65.094850,65.091440
2.9623,0,65.094850,65.094850,65.091500
2.9636,0,65.094850,65.094850,65.091560
2.9650,0,65.094850,65.094850,65.091610
2.9663,0,65.094850,65.094850,65.091670
2.9683,0,65.094850,65.094850,65.091720
2.9701,0,65.094850,65.094850,65.091800
2.9718,0,65.094850,65.094850,65.091870
2.9733,0,65.094850,65.094850,65.091930
2.9747,0,65.094850,65.094850,65.091980
2.9766,0,65.094850,65.094850,65.092030
2.9784,0,65.094850,65.094850,65.092090
2.9804,0,65.094850,65.094850,65.092150
2.9823,0,65.094850,65.094850,65.092210
2.9836,0,65.094850,65.094850,65.092270
2.9852,0,65.094850,65.094850,65.092310
2.9868,0,65.094850,65.094850,65.092350
2.9881,0,65.094850,65.094850,65.092400
2.9896,0,65.094850,65.094850,65.092440
2.9908,0,65.094850,65.094850,65.092480
2.9919,0,65.094850,65.094850,65.092510
2.9938,0,65.094850,65.094850,65.092540
2.9955,0,65.094850,65.094850,65.092600
2.9971,0,65.094850,65.094850,65.092640
2.9986,0,65.094850,65.094850,65.092680
3.0002,1,65.094850,65.094850,65.092720
3.0018,1,65.094850,65.094850,65.092760
3.0034,1,65.094850,65.094850,65.092800
3.0050,1,65.094850,65.094850,65.092830
3.0064,1,65.094850,65.094850,65.092870
3.0081,1,65.103010,65.094890,65.092900
3.0095,1,65.103010,65.095630,65.092940
3.0112,1,65.103010,65.096170,65.092970
3.0130,1,65.103010,65.096910,65.093010
3.0145,1,65.103010,65.097610,65.093050
3.0158,1,65.103010,65.098240,65.093090
3.0169,1,65.103010,65.098740,65.093120
3.0183,1,65.103010,65.099200,65.093150
3.0199,1,65.103010,65.099770,65.093190
3.0213,1,65.103010,65.100430,65.093230
3.0226,1,65.103010,65.100980,65.093270
3.0239,1,65.103010,65.101550,65.093310
3.0255,1,65.103010,65.102040,65.093350
3.0271,1,65.103010,65.102740,65.093400
3.0285,1,65.119340,65.103710,65.093440
3.0296,1,65.119340,65.104840,65.093490
3.0307,1,65.119340,65.105780,65.093530
3.0321,1,65.119340,65.106700,65.093570
3.0335,1,65.119340,65.107800,65.093620
3.0349,1,65.119340,65.108920,65.093670
3.0366,1,65.119340,65.110090,65.093730
3.0383,1,65.119340,65.111510,65.093810
3.0397,1,65.119340,65.112900,65.093890
3.0407,1,65.119340,65.113980,65.093960
3.0418,1,65.119340,65.114810,65.094020
3.0429,1,65.119340,65.115680,65.094080
3.0441,1,65.119340,65.116580,65.094150
3.0453,1,65.119340,65.117560,65.094220
3.0466,1,65.119340,65.118610,65.094310
3.0480,1,65.143830,65.119820,65.094400
3.0495,1,65.143830,65.121570,65.094510
3.0508,1,65.143830,65.123320,65.094610
3.0523,1,65.143830,65.124920,65.094720
3.0535,1,65.143830,65.126720,65.094850
3.0545,1,65.143830,65.128200,65.094960
3.0557,1,65.143830,65.129510,65.095050
3.0567,1,65.143830,65.131030,65.095180
3.0581,1,65.143830,65.132190,65.095280
3.0591,1,65.143830,65.133830,65.095420
3.0604,1,65.143830,65.135130,65.095540
3.0620,1,65.143830,65.136670,65.095690
3.0635,1,65.143830,65.138620,65.095890
3.0647,1,65.143830,65.140550,65.096090
3.0659,1,65.143830,65.141980,65.096250
3.0671,1,65.143830,65.143380,65.096410
3.0690,1,65.176480,65.145360,65.096600
3.0704,1,65.176480,65.148340,65.096890
3.0721,1,65.176480,65.150700,65.097120
3.0734,1,65.176480,65.153400,65.097400
3.0747,1,65.176480,65.155630,65.097650
3.0765,1,65.176480,65.157680,65.097890
3.0780,1,65.176480,65.160640,65.098240
3.0791,1,65.176480,65.162980,65.098540
3.0800,1,65.176480,65.164820,65.098790
3.0810,1,65.176480,65.166290,65.098980
3.0820,1,65.176480,65.168010,65.099220
3.0832,1,65.176480,65.169640,65.099450
3.0843,1,65.176480,65.171470,65.099720
3.0854,1,65.176480,65.173290,65.099990
3.0867,1,65.176480,65.175190,65.100290
3.0880,1,65.217300,65.177560,65.100630
3.0891,1,65.217300,65.180110,65.100970
3.0902,1,65.217300,65.182240,65.101260
3.0915,1,65.217300,65.184540,65.101580
3.0932,1,65.217300,65.187430,65.102000
3.0951,1,65.217300,65.190820,65.102510
3.0965,1,65.217300,65.194530,65.103090
3.0981,1,65.217300,65.197390,65.103550
3.0992,1,65.217300,65.200680,65.104110
3.1006,1,65.217300,65.203000,65.104520
3.1022,1,65.217300,65.205810,65.105020
3.1036,1,65.217300,65.209170,65.105640
3.1049,1,65.217300,65.211980,65.106180
3.1062,1,65.217300,65.214590,65.106700
3.1074,1,65.217300,65.217170,65.107220
3.1090,1,65.266280,65.220180,65.107740
3.1102,1,65.266280,65.224050,65.108430
3.1117,1,65.266280,65.227090,65.108990
3.1130,1,65.266280,65.230730,65.109670
3.1143,1,65.266280,65.233950,65.110300
3.1160,1,65.266280,65.237210,65.110950
3.1180,1,65.266280,65.241300,65.111790
3.1196,1,65.266280,65.246040,65.112790
3.1211,1,65.266280,65.250140,65.113690
3.1228,1,65.266280,65.253690,65.114490
3.1238,1,65.266280,65.257760,65.115440
3.1255,1,65.266280,65.260410,65.116070
3.1272,1,65.266280,65.264530,65.117080
3.1291,1,65.323430,65.269250,65.118160
3.1308,1,65.323430,65.274480,65.119320
3.1322,1,65.323430,65.279350,65.120430
3.1336,1,65.323430,65.283290,65.121350
3.1352,1,65.323430,65.287350,65.122330
3.1367,1,65.323430,65.291980,65.123470
3.1382,1,65.323430,65.296150,65.124520
3.1395,1,65.323430,65.300430,65.125630
3.1405,1,65.323430,65.304080,65.126590
3.1419,1,65.323430,65.307170,65.127420
3.1436,1,65.323430,65.310950,65.128450
3.1454,1,65.323430,65.315980,65.129850
3.1470,1,65.323430,65.320940,65.131270
3.1483,1,65.388730,65.325830,65.132620
3.1493,1,65.388730,65.330320,65.133800
3.1506,1,65.388730,65.333600,65.134670
3.1522,1,65.388730,65.337750,65.135800
3.1535,1,65.388730,65.343010,65.137260
3.1549,1,65.388730,65.347050,65.138400
3.1567,1,65.388730,65.351880,65.139790
3.1580,1,65.388730,65.357600,65.141460
3.1597,1,65.388730,65.361950,65.142770
3.1613,1,65.388730,65.367420,65.144450
3.1630,1,65.388730,65.372650,65.146080
3.1644,1,65.388730,65.378050,65.147800
3.1658,1,65.388730,65.382770,65.149340
3.1671,1,65.388730,65.387330,65.150850
3.1686,1,65.462200,65.391880,65.152260
3.1702,1,65.462200,65.397440,65.153950
3.1714,1,65.462200,65.403220,65.155750
3.1730,1,65.462200,65.407790,65.157190
3.1742,1,65.462200,65.413570,65.159040
3.1753,1,65.462200,65.418110,65.160520
3.1771,1,65.462200,65.422210,65.161880
3.1785,1,65.462200,65.428590,65.164020
3.1796,1,65.462200,65.434000,65.165880
3.1806,1,65.462200,65.437950,65.167250
3.1818,1,65.462200,65.441600,65.168530
3.1831,1,65.462200,65.446200,65.170170
3.1849,1,65.462200,65.450900,65.171860
3.1866,1,65.462200,65.457410,65.174240
3.1879,1,65.543840,65.463750,65.176550
3.1896,1,65.543840,65.469220,65.178420
3.1909,1,65.543840,65.475850,65.180720
3.1925,1,65.543840,65.481320,65.182650
3.1939,1,65.543840,65.487730,65.184940
3.1954,1,65.543840,65.493390,65.187000
3.1972,1,65.543840,65.499820,65.189370
3.1986,1,65.543840,65.506940,65.192040
3.1999,1,65.543840,65.512740,65.194250
3.2014,1,65.543840,65.517810,65.196210
3.2033,1,65.543840,65.524180,65.198690
3.2048,1,65.543840,65.532070,65.201840
3.2061,1,65.543840,65.537950,65.204210
3.2078,1,65.543840,65.543590,65.206520
3.2094,1,65.633640,65.550950,65.209300
3.2109,1,65.633640,65.557980,65.212000
3.2122,1,65.633640,65.564690,65.214610
3.2140,1,65.633640,65.570860,65.217030
3.2154,1,65.633640,65.578680,65.220150
3.2168,1,65.633640,65.585210,65.222790
3.2185,1,65.633640,65.591210,65.225260
3.2202,1,65.633640,65.599140,65.228550
3.2214,1,65.633640,65.606430,65.231630
3.2228,1,65.633640,65.612140,65.234070
3.2242,1,65.633640,65.618480,65.236810
3.2254,1,65.633640,65.624470,65.239430
3.2271,1,65.633640,65.630130,65.241930
3.2289,1,65.731600,65.638330,65.245410
3.2302,1,65.731600,65.646530,65.248830
3.2317,1,65.731600,65.653210,65.251630
3.2333,1,65.731600,65.660310,65.254650
3.2349,1,65.731600,65.668320,65.258100
3.2365,1,65.731600,65.676410,65.261630
3.2381,1,65.731600,65.683860,65.264930
3.2394,1,65.731600,65.691760,65.268460
3.2410,1,65.731600,65.698100,65.271340
3.2423,1,65.731600,65.705980,65.274940
3.2438,1,65.731600,65.712270,65.277850
3.2451,1,65.731600,65.719780,65.281360
3.2461,1,65.731600,65.725780,65.284190
3.2471,1,65.731600,65.730930,65.286640
3.2483,1,65.837720,65.736370,65.289080
3.2495,1,65.837720,65.742940,65.292020
3.2516,1,65.837720,65.748890,65.294690
3.2534,1,65.837720,65.760480,65.299980
3.2550,1,65.837720,65.769570,65.304180
3.2565,1,65.837720,65.778150,65.308200
3.2579,1,65.837720,65.786160,65.311990
3.2591,1,65.837720,65.793440,65.315480
3.2608,1,65.837720,65.800030,65.318660
3.2623,1,65.837720,65.808990,65.323020
3.2639,1,65.837720,65.816710,65.326830
3.2653,1,65.837720,65.825360,65.331120
3.2666,1,65.837720,65.832730,65.334830
3.2679,1,65.949880,65.840010,65.338460
3.2692,1,65.949880,65.847110,65.341900
3.2705,1,65.949880,65.854630,65.345570
3.2720,1,65.949880,65.861490,65.348940
3.2733,1,65.949880,65.870270,65.353300
3.2746,1,65.949880,65.877300,65.356820
3.2761,1,65.949880,65.884890,65.360660
3.2776,1,65.949880,65.892960,65.364770
3.2791,1,65.949880,65.901560,65.369190
3.2802,1,65.949880,65.909700,65.373420
3.2813,1,65.949880,65.916280,65.376860
3.2825,1,65.949880,65.922510,65.380150
3.2835,1,65.949880,65.928760,65.383470
3.2848,1,65.949880,65.934650,65.386620
3.2863,1,65.949880,65.941670,65.390400
3.2879,1,66.062040,65.950750,65.395320
3.2892,1,66.062040,65.959170,65.399930
3.2903,1,66.062040,65.966250,65.403830
3.2922,1,66.062040,65.972950,65.407550
3.2938,1,66.062040,65.983250,65.413330
3.2954,1,66.062040,65.992560,65.418590
3.2968,1,66.062040,66.001540,65.423730
3.2979,1,66.062040,66.008980,65.428010
3.2988,1,66.062040,66.015080,65.431540
3.3004,1,66.062040,66.020520,65.434720
3.3018,1,66.062040,66.029340,65.439890
3.3034,1,66.062040,66.037510,65.444720
3.3048,1,66.062040,66.045990,65.449780
3.3060,1,66.062040,66.053890,65.454520
3.3077,1,66.062040,66.061090,65.458870
3.3094,1,66.174200,66.070080,65.464350
3.3109,1,66.174200,66.080020,65.470450
3.3121,1,66.174200,66.088380,65.475620
3.3134,1,66.174200,66.095280,65.479920
3.3146,1,66.174200,66.102430,65.484410
3.3155,1,66.174200,66.108760,65.488390
3.3166,1,66.174200,66.114120,65.491780
3.3183,1,66.174200,66.120290,65.495700
3.3199,1,66.174200,66.129780,65.501780
3.3213,1,66.174200,66.138680,65.507510
3.3229,1,66.174200,66.146840,65.512810
3.3240,1,66.174200,66.155310,65.518360
3.3251,1,66.174200,66.161480,65.522410
3.3268,1,66.174200,66.168170,65.526830
3.3287,1,66.286360,66.177640,65.533120
3.3303,1,66.286360,66.188130,65.540150
3.3319,1,66.286360,66.197200,65.546260
3.3332,1,66.286360,66.205830,65.552120
3.3346,1,66.286360,66.213500,65.557350
3.3360,1,66.286360,66.221020,65.562520
3.3376,1,66.286360,66.229160,65.568130
3.3390,1,66.286360,66.237880,65.574180
3.3401,1,66.286360,66.245700,65.579640
3.3415,1,66.286360,66.252110,65.584120
3.3426,1,66.286360,66.259820,65.589550
3.3439,1,66.286360,66.266030,65.593940
3.3452,1,66.286360,66.273130,65.598990
3.3464,1,66.286360,66.280910,65.604540
3.3476,1,66.398520,66.287410,65.609190
3.3489,1,66.398520,66.294140,65.614040
3.3500,1,66.398520,66.301090,65.619060
3.3516,1,66.398520,66.307570,65.623760
3.3533,1,66.398520,66.316650,65.630360
3.3547,1,66.398520,66.325870,65.637120
3.3561,1,66.398520,66.333720,65.642900
3.3572,1,66.398520,66.341720,65.648830
3.3583,1,66.398520,66.348050,65.653520
3.3601,1,66.398520,66.354250,65.658140
3.3615,1,66.398520,66.364300,65.665660
3.3632,1,66.398520,66.372260,65.671650
3.3645,1,66.398520,66.381650,65.678740
3.3657,1,66.398520,66.389150,65.684440
3.3669,1,66.398520,66.395840,65.689540
3.3681,1,66.510680,66.402050,65.694270
3.3701,1,66.510680,66.409370,65.699890
3.3713,1,66.510680,66.420290,65.708300
3.3725,1,66.510680,66.427060,65.713520
3.3738,1,66.510680,66.433940,65.718860
3.3749,1,66.510680,66.440730,65.724150
3.3765,1,66.510680,66.446920,65.728990
3.3780,1,66.510680,66.456090,65.736170
3.3793,1,66.510680,66.464670,65.742910
3.3803,1,66.510680,66.471680,65.748450
3.3814,1,66.510680,66.477600,65.753140
3.3831,1,66.510680,66.483670,65.757960
3.3844,1,66.510680,66.492970,65.765370
3.3862,1,66.510680,66.500510,65.771390
3.3879,1,66.622840,66.510960,65.779770
3.3891,1,66.622840,66.520290,65.787280
3.3902,1,66.622840,66.526930,65.792650
3.3916,1,66.622840,66.533290,65.797800
3.3932,1,66.622840,66.540660,65.803790
3.3950,1,66.622840,66.550090,65.811480
3.3964,1,66.622840,66.559970,65.819560
3.3976,1,66.622840,66.567610,65.825840
3.3992,1,66.622840,66.574650,65.831630
3.4003,0,66.622840,66.583210,65.838690
3.4017,0,66.622840,66.589840,65.844180
3.4030,0,66.622840,66.597670,65.850680
3.4047,0,66.622840,66.604800,65.856610
3.4061,0,66.622840,66.614450,65.864650
3.4073,0,66.622840,66.622170,65.871120
3.4090,0,66.707170,66.627520,65.876900
3.4110,0,66.707170,66.634740,65.884980
3.4126,0,66.707170,66.643020,65.894280
3.4140,0,66.707170,66.649580,65.901660
3.4154,0,66.707170,66.655520,65.908350
3.4170,0,66.707170,66.661680,65.915310
3.4185,0,66.707170,66.668240,65.922740
3.4198,0,66.707170,66.674680,65.930040
3.4214,0,66.707170,66.679910,65.935970
3.4226,0,66.707170,66.686680,65.943670
3.4237,0,66.707170,66.692020,65.949760
3.4249,0,66.707170,66.696540,65.954910
3.4267,0,66.707170,66.701420,65.960490
3.4285,0,66.763660,66.708470,65.969270
3.4299,0,66.763660,66.713490,65.977840
3.4313,0,66.763660,66.717480,65.984650
3.4325,0,66.763660,66.721370,65.991320
3.4339,0,66.763660,66.724780,65.997150
3.4357,0,66.763660,66.728860,66.004130
3.4372,0,66.763660,66.734040,66.012990
3.4388,0,66.763660,66.738210,66.020140
3.4405,0,66.763660,66.742660,66.027730
3.4425,0,66.763660,66.747440,66.035900
3.4445,0,66.763660,66.753200,66.045740
3.4460,0,66.763660,66.758850,66.055380
3.4475,0,66.763660,66.762970,66.062400
3.4491,0,66.792310,66.765500,66.069780
3.4506,0,66.792310,66.767850,66.077650
3.4520,0,66.792310,66.769900,66.084490
3.4539,0,66.792310,66.771940,66.091320
3.4554,0,66.792310,66.774630,66.100280
3.4568,0,66.792310,66.776850,66.107640
3.4584,0,66.792310,66.778850,66.114320
3.4602,0,66.792310,66.781140,66.121860
3.4618,0,66.792310,66.783660,66.130170
3.4631,0,66.792310,66.785960,66.137740
3.4643,0,66.792310,66.787880,66.144030
3.4653,0,66.792310,66.789500,66.149320
3.4669,0,66.792310,66.790920,66.153970
3.4686,0,66.793130,66.792340,66.161740
3.4704,0,66.793130,66.792410,66.169500
3.4721,0,66.793130,66.792490,66.177920
3.4737,0,66.793130,66.792550,66.185610
3.4747,0,66.793130,66.792620,66.192800
3.4768,0,66.793130,66.792660,66.197790
3.4787,0,66.793130,66.792750,66.207420
3.4801,0,66.793130,66.792820,66.215630
3.4814,0,66.793130,66.792880,66.221580
3.4828,0,66.793130,66.792930,66.227770
3.4840,0,66.793130,66.792990,66.233650
3.4858,0,66.793130,66.793040,66.239170
3.4874,0,66.793130,66.793110,66.246880
3.4889,0,66.793130,66.793130,66.253810
3.4900,0,66.793130,66.793130,66.260120
3.4916,0,66.793130,66.793130,66.265080
3.4932,0,66.793130,66.793130,66.271760
3.4947,0,66.793130,66.793130,66.278740
3.4958,0,66.793130,66.793130,66.284610
3.4968,0,66.793130,66.793120,66.289340
3.4979,0,66.793130,66.793130,66.293610
3.4989,0,66.793130,66.793130,66.298120
3.4999,0,66.793130,66.793130,66.302230
3.5015,0,66.793130,66.793130,66.306260
3.5030,0,66.793130,66.793130,66.312670
3.5047,0,66.793130,66.793130,66.318970
3.5061,0,66.793130,66.793130,66.325610
3.5072,0,66.793130,66.793130,66.330980
3.5083,0,66.793130,66.793130,66.335410
3.5095,0,66.793130,66.793130,66.339630
3.5110,0,66.793130,66.793130,66.344180
3.5125,0,66.793130,66.793130,66.349820
3.5140,0,66.793130,66.793130,66.355720
3.5155,0,66.793130,66.793130,66.361180
3.5168,0,66.793130,66.793130,66.366720
3.5182,0,66.793130,66.793130,66.371610
3.5196,0,66.793130,66.793130,66.376600
3.5210,0,66.793130,66.793130,66.381730
3.5222,0,66.793130,66.793130,66.386690
3.5236,0,66.793130,66.793130,66.391120
3.5248,0,66.793130,66.793130,66.395890
3.5263,0,66.793130,66.793130,66.400110
3.5280,0,66.793130,66.793130,66.405590
3.5295,0,66.793130,66.793130,66.411300
3.5312,0,66.793130,66.793130,66.416440
3.5326,0,66.793130,66.793130,66.422040
3.5337,0,66.793130,66.793130,66.426660
3.5362,0,66.793130,66.793130,66.430580
3.5378,0,66.793130,66.793130,66.438480
3.5392,0,66.793130,66.793130,66.443730
3.5403,0,66.793130,66.793130,66.448250
3.5414,0,66.793130,66.793130,66.451660
3.5428,0,66.793130,66.793130,66.455280
3.5443,0,66.793130,66.793130,66.459270
3.5456,0,66.793130,66.793130,66.463940
3.5469,0,66.793130,66.793130,66.468020
3.5481,0,66.793130,66.793130,66.471760
3.5490,0,66.793130,66.793130,66.475230
3.5502,0,66.793130,66.793130,66.478090
3.5520,0,66.793130,66.793130,66.481580
3.5535,0,66.793130,66.793130,66.486760
3.5550,0,66.793130,66.793130,66.490910
3.5564,0,66.793130,66.793130,66.495310
3.5576,0,66.793130,66.793130,66.499060
3.5592,0,66.793130,66.793130,66.502460
3.5607,0,66.793130,66.793130,66.506740
3.5619,0,66.793130,66.793130,66.510800
3.5631,0,66.793130,66.793130,66.514150
3.5646,0,66.793130,66.793130,66.517210
3.5656,0,66.793130,66.793130,66.521100
3.5668,0,66.793130,66.793130,66.523900
3.5679,0,66.793130,66.793130,66.526760
3.5696,0,66.793130,66.793130,66.529560
3.5712,0,66.793130,66.793130,66.533870
3.5724,0,66.793130,66.793130,66.537770
3.5740,0,66.793130,66.793130,66.540860
3.5752,0,66.793130,66.793130,66.544710
3.5766,0,66.793130,66.793130,66.547480
3.5780,0,66.793130,66.793130,66.550960
3.5796,0,66.793130,66.793130,66.554200
3.5809,0,66.793130,66.793130,66.557950
3.5820,0,66.793130,66.793130,66.560850
3.5837,0,66.793130,66.793130,66.563240
3.5851,0,66.793130,66.793130,66.567110
3.5866,0,66.793130,66.793130,66.570140
3.5882,0,66.793130,66.793140,66.573420
3.5892,0,66.793130,66.793130,66.576890
3.5906,0,66.793130,66.793130,66.579090
3.5916,0,66.793130,66.793130,66.581920
3.5933,0,66.793130,66.793140,66.584130
3.5948,0,66.793130,66.793130,66.587510
3.5962,0,66.793130,66.793130,66.590520
3.5974,0,66.793130,66.793130,66.593340
3.5989,0,66.793130,66.793130,66.595750
3.6000,0,66.793130,66.793130,66.598660
3.6017,0,66.793130,66.793130,66.600850
3.6033,0,66.793130,66.793130,66.603990
3.6048,0,66.793130,66.793130,66.607090
3.6062,0,66.793130,66.793130,66.609810
3.6071,0,66.793130,66.793130,66.612330
3.6083,0,66.793130,66.793130,66.614070
3.6095,0,66.793130,66.793130,66.616290
3.6113,0,66.793130,66.793130,66.618390
3.6127,0,66.793130,66.793130,66.621450
3.6139,0,66.793130,66.793130,66.623950
3.6150,0,66.793130,66.793130,66.625890
3.6166,0,66.793130,66.793130,66.627900
3.6178,0,66.793130,66.793130,66.630500
3.6193,0,66.793130,66.793130,66.632390
3.6211,0,66.793130,66.793130,66.635000
3.6227,0,66.793130,66.793130,66.637730
3.6240,0,66.793130,66.793130,66.640290
3.6251,0,66.793130,66.793130,66.642270
3.6266,0,66.793130,66.793130,66.644040
3.6285,0,66.793130,66.793130,66.646350
3.6296,0,66.793130,66.793130,66.649090
3.6308,0,66.793130,66.793130,66.650760
3.6318,0,66.793130,66.793130,66.652520
3.6330,0,66.793130,66.793120,66.653990
3.6342,0,66.793130,66.793130,66.655720
3.6359,0,66.793130,66.793130,66.657330
3.6375,0,66.793130,66.793120,66.659790
3.6390,0,66.793130,66.793130,66.661970
3.6402,0,66.793130,66.793130,66.663920
3.6415,0,66.793130,66.793130,66.665600
3.6426,0,66.793130,66.793130,66.667210
3.6444,0,66.793130,66.793130,66.668720
3.6460,0,66.793130,66.793130,66.671070
3.6473,0,66.793130,66.793130,66.673000
3.6485,0,66.793130,66.793130,66.674680
3.6498,0,66.793130,66.793130,66.676140
3.6510,0,66.793130,66.793130,66.677640
3.6529,0,66.793130,66.793140,66.679200
3.6542,0,66.793130,66.793130,66.681420
3.6553,0,66.793130,66.793130,66.682940
3.6564,0,66.793130,66.793130,66.684200
3.6574,0,66.793130,66.793130,66.685360
3.6586,0,66.793130,66.793130,66.686580
3.6605,0,66.793130,66.793130,66.687860
3.6621,0,66.793130,66.793130,66.690000
3.6631,0,66.793130,66.793130,66.691680
3.6643,0,66.793130,66.793130,66.692810
3.6653,0,66.793130,66.793130,66.694060
3.6666,0,66.793130,66.793130,66.695140
3.6685,0,66.793130,66.793130,66.696400
3.6699,0,66.793130,66.793130,66.698390
3.6716,0,66.793130,66.793130,66.699840
3.6730,0,66.793130,66.793120,66.701400
3.6745,0,66.793130,66.793130,66.702820
3.6758,0,66.793130,66.793130,66.704210
3.6782,0,66.793130,66.793130,66.705430
3.6799,0,66.793130,66.793130,66.707740
3.6811,0,66.793130,66.793130,66.709180
3.6827,0,66.793130,66.793130,66.710300
3.6839,0,66.793130,66.793130,66.711690
3.6856,0,66.793130,66.793130,66.712700
3.6869,0,66.793130,66.793130,66.714220
3.6882,0,66.793130,66.793140,66.715320
3.6893,0,66.793130,66.793130,66.716320
3.6904,0,66.793130,66.793130,66.717250
3.6917,0,66.793130,66.793130,66.718130
3.6927,0,66.793130,66.793130,66.719160
3.6946,0,66.793130,66.793130,66.720030
3.6960,0,66.793130,66.793130,66.721470
3.6971,0,66.793130,66.793130,66.722550
3.6981,0,66.793130,66.793130,66.723400
3.6992,0,66.793130,66.793130,66.724150
3.7005,0,66.793130,66.793130,66.724960
3.7017,0,66.793130,66.793130,66.725890
3.7032,0,66.793130,66.793130,66.726760
3.7049,0,66.793130,66.793130,66.727890
3.7061,0,66.793130,66.793130,66.729020
3.7071,0,66.793130,66.793130,66.729850
3.7083,0,66.793130,66.793130,66.730570
3.7100,0,66.793130,66.793130,66.731410
3.7117,0,66.793130,66.793130,66.732530
3.7134,0,66.793130,66.793140,66.733650
3.7145,0,66.793130,66.793130,66.734700
3.7155,0,66.793130,66.793130,66.735440
3.7166,0,66.793130,66.793130,66.736060
3.7183,0,66.793130,66.793130,66.736760
3.7196,0,66.793130,66.793130,66.737750
3.7208,0,66.793130,66.793130,66.738520
3.7220,0,66.793130,66.793130,66.739280
3.7231,0,66.793130,66.793130,66.739990
3.7245,0,66.793130,66.793130,66.740630
3.7256,0,66.793130,66.793130,66.741390
3.7270,0,66.793130,66.793130,66.742030
3.7287,0,66.793130,66.793130,66.742780
3.7298,0,66.793130,66.793130,66.743710
3.7307,0,66.793130,66.793130,66.744320
3.7316,0,66.793130,66.793130,66.744800
3.7331,0,66.793130,66.793120,66.745300
3.7344,0,66.793130,66.793120,66.746060
3.7363,0,66.793130,66.793130,66.746720
3.7379,0,66.793130,66.793130,66.747730
3.7390,0,66.793130,66.793130,66.748510
3.7402,0,66.793130,66.793130,66.749050
3.7415,0,66.793130,66.793130,66.749640
3.7430,0,66.793130,66.793130,66.750230
3.7447,0,66.793130,66.793130,66.750960
3.7466,0,66.793130,66.793130,66.751760
3.7482,0,66.793130,66.793130,66.752620
3.7498,0,66.793130,66.793130,66.753300
3.7513,0,66.793130,66.793130,66.754010
3.7529,0,66.793130,66.793130,66.754650
3.7543,0,66.793130,66.793130,66.755380
3.7554,0,66.793130,66.793130,66.755920
3.7568,0,66.793130,66.793130,66.756380
3.7580,0,66.793130,66.793130,66.756970
3.7593,0,66.793130,66.793130,66.757450
3.7609,0,66.793130,66.793130,66.757950
3.7625,0,66.793130,66.793130,66.758570
3.7639,0,66.793130,66.793130,66.759160
3.7652,0,66.793130,66.793130,66.759700
3.7665,0,66.793130,66.793130,66.760190
3.7682,0,66.793130,66.793140,66.760650
3.7699,0,66.793130,66.793130,66.761260
3.7716,0,66.793130,66.793130,66.761870
3.7730,0,66.793130,66.793140,66.762450
3.7740,0,66.793130,66.793130,66.762920
3.7753,0,66.793130,66.793130,66.763280
3.7773,0,66.793130,66.793130,66.763690
3.7787,0,66.793130,66.793130,66.764360
3.7809,0,66.793130,66.793130,66.764810
3.7825,0,66.793130,66.793130,66.765520
3.7853,0,66.793130,66.793130,66.766030
3.7878,0,66.793130,66.793130,66.766850
3.7900,0,66.793130,66.793130,66.767560
3.7915,0,66.793130,66.793130,66.768190
3.7937,0,66.793130,66.793140,66.768620
3.7956,0,66.793130,66.793130,66.769230
3.7969,0,66.793130,66.793130,66.769720
3.7983,0,66.793130,66.793130,66.770080
3.8003,0,66.793130,66.793130,66.770440
3.8025,0,66.793130,66.793130,66.770950
3.8045,0,66.793130,66.793130,66.771480
3.8063,0,66.793130,66.793130,66.771970
3.8078,0,66.793130,66.793130,66.772380
3.8102,0,66.793130,66.793130,66.772760
3.8125,0,66.793130,66.793130,66.773310
3.8143,0,66.793130,66.793130,66.773800
3.8158,0,66.793130,66.793130,66.774190
3.8173,0,66.793130,66.793130,66.774510
3.8191,0,66.793130,66.793130,66.774830
3.8210,0,66.793130,66.793130,66.775200
3.8235,0,66.793130,66.793130,66.775570
3.8267,0,66.793130,66.793130,66.776080
3.8285,0,66.793130,66.793130,66.776690
3.8303,0,66.793130,66.793130,66.777030
3.8319,0,66.793130,66.793130,66.777360
3.8339,0,66.793130,66.793130,66.777650
3.8359,0,66.793130,66.793130,66.777990
3.8376,0,66.793130,66.793120,66.778340
3.8392,0,66.793130,66.793130,66.778620
3.8406,0,66.793130,66.793130,66.778880
3.8417,0,66.793130,66.793130,66.779110
3.8433,0,66.793130,66.793130,66.779290
3.8452,0,66.793130,66.793130,66.779540
3.8464,0,66.793130,66.793130,66.779830
3.8483,0,66.793130,66.793130,66.780010
3.8499,0,66.793130,66.793130,66.780300
3.8516,0,66.793130,66.793130,66.780540
3.8532,0,66.793130,66.793140,66.780780
3.8546,0,66.793130,66.793130,66.781010
3.8557,0,66.793130,66.793130,66.781200
3.8567,0,66.793130,66.793130,66.781350
3.8580,0,66.793130,66.793130,66.781490
3.8591,0,66.793130,66.793130,66.781650
3.8613,0,66.793130,66.793130,66.781810
3.8629,0,66.793130,66.793130,66.782090
3.8642,0,66.793130,66.793130,66.782300
3.8655,0,66.793130,66.793130,66.782460
3.8666,0,66.793130,66.793130,66.782600
3.8686,0,66.793130,66.793130,66.782750
3.8704,0,66.793130,66.793130,66.782980
3.8718,0,66.793130,66.793130,66.783190
3.8729,0,66.793130,66.793130,66.783350
3.8740,0,66.793130,66.793130,66.783480
3.8750,0,66.793130,66.793140,66.783600
3.8767,0,66.793130,66.793130,66.783710
3.8781,0,66.793130,66.793130,66.783880
3.8794,0,66.793130,66.793130,66.784030
3.8806,0,66.793130,66.793130,66.784170
3.8818,0,66.793130,66.793130,66.784290
3.8830,0,66.793130,66.793130,66.784410
3.8841,0,66.793130,66.793130,66.784530
3.8853,0,66.793130,66.793130,66.784650
3.8866,0,66.793130,66.793130,66.784760
3.8880,0,66.793130,66.793130,66.784890
3.8891,0,66.793130,66.793130,66.785020
3.8906,0,66.793130,66.793130,66.785130
3.8917,0,66.793130,66.793130,66.785260
3.8930,0,66.793130,66.793130,66.785360
3.8944,0,66.793130,66.793130,66.785480
3.8956,0,66.793130,66.793130,66.785610
3.8965,0,66.793130,66.793130,66.785710
3.8976,0,66.793130,66.793130,66.785790
3.8995,0,66.793130,66.793130,66.785890
3.9015,0,66.793130,66.793130,66.786040
3.9039,0,66.793130,66.793130,66.786200
3.9056,0,66.793130,66.793130,66.786390
3.9069,0,66.793130,66.793130,66.786520
3.9081,0,66.793130,66.793130,66.786620
3.9097,0,66.793130,66.793130,66.786710
3.9111,0,66.793130,66.793130,66.786830
3.9124,0,66.793130,66.793130,66.786930
3.9140,0,66.793130,66.793130,66.787030
3.9151,0,66.793130,66.793130,66.787150
3.9165,0,66.793130,66.793120,66.787220
3.9178,0,66.793130,66.793130,66.787320
3.9194,0,66.793130,66.793130,66.787410
3.9208,0,66.793130,66.793130,66.787510
3.9225,0,66.793130,66.793130,66.787610
3.9236,0,66.793130,66.793130,66.787710
3.9251,0,66.793130,66.793130,66.787780
3.9265,0,66.793130,66.793130,66.787870
3.9282,0,66.793130,66.793130,66.787960
3.9294,0,66.793130,66.793130,66.788060
3.9305,0,66.793130,66.793130,66.788120
3.9315,0,66.793130,66.793130,66.788190
3.9328,0,66.793130,66.793130,66.788250
3.9339,0,66.793130,66.793130,66.788310
3.9355,0,66.793130,66.793130,66.788380
3.9369,0,66.793130,66.793130,66.788470
3.9382,0,66.793130,66.793130,66.788540
3.9393,0,66.793130,66.793130,66.788610
3.9407,0,66.793130,66.793130,66.788670
3.9418,0,66.793130,66.793130,66.788740
3.9434,0,66.793130,66.793130,66.788800
3.9451,0,66.793130,66.793130,66.788870
3.9466,0,66.793130,66.793130,66.788960
3.9482,0,66.793130,66.793130,66.789030
3.9500,0,66.793130,66.793130,66.789110
3.9513,0,66.793130,66.793130,66.789190
3.9530,0,66.793130,66.793130,66.789250
3.9547,0,66.793130,66.793140,66.789330
3.9560,0,66.793130,66.793130,66.789410
3.9571,0,66.793130,66.793130,66.789460
3.9582,0,66.793130,66.793130,66.789510
3.9598,0,66.793130,66.793130,66.789550
3.9613,0,66.793130,66.793130,66.789620
3.9628,0,66.793130,66.793130,66.789680
3.9640,0,66.793130,66.793130,66.789740
3.9651,0,66.793130,66.793130,66.789790
3.9662,0,66.793130,66.793130,66.789840
3.9672,0,66.793130,66.793130,66.789880
3.9698,0,66.793130,66.793130,66.789920
3.9712,0,66.793130,66.793130,66.790020
3.9724,0,66.793130,66.793130,66.790070
3.9739,0,66.793130,66.793130,66.790120
3.9752,0,66.793130,66.793130,66.790170
3.9767,0,66.793130,66.793130,66.790210
3.9784,0,66.793130,66.793130,66.790270
3.9797,0,66.793130,66.793130,66.790320
3.9811,0,66.793130,66.793130,66.790370
3.9823,0,66.793130,66.793130,66.790410
3.9835,0,66.793130,66.793130,66.790450
3.9851,0,66.793130,66.793130,66.790490
3.9870,0,66.793130,66.793130,66.790540
3.9886,0,66.793130,66.793130,66.790600
3.9898,0,66.793130,66.793130,66.790640
3.9911,0,66.793130,66.793130,66.790680
3.9924,0,66.793130,66.793120,66.790720
3.9939,0,66.793130,66.793130,66.790760
3.9951,0,66.793130,66.793130,66.790790
3.9967,0,66.793130,66.793130,66.790830
3.9980,0,66.793130,66.793130,66.790880
3.9995,0,66.793130,66.793130,66.790910
