0.0121,20.000000,0.000000
0.0180,20.008160,0.000000
0.0210,20.008160,0.000000
0.0231,20.008160,0.000000
0.0249,20.008160,0.000000
0.0271,20.008160,0.000000
0.0290,20.008160,0.000000
0.0308,20.008160,0.000000
0.0324,20.008160,0.000000
0.0353,20.024490,0.000000
0.0378,20.024490,0.000000
0.0397,20.024490,0.000000
0.0418,20.024490,0.000000
0.0438,20.024490,0.000000
0.0460,20.024490,0.000000
0.0479,20.024490,0.000000
0.0505,20.024490,0.000000
0.0526,20.024490,0.000000
0.0545,20.048980,0.000000
0.0564,20.048980,0.000000
0.0586,20.048980,0.000000
0.0607,20.048980,0.000000
0.0626,20.048980,0.000000
0.0642,20.048980,0.000000
0.0657,20.048980,0.000000
0.0678,20.048980,0.000000
0.0700,20.048980,0.000000
0.0722,20.048980,0.000000
0.0741,20.081630,0.000000
0.0755,20.081630,0.000000
0.0771,20.081630,0.000000
0.0793,20.081630,0.000000
0.0810,20.081630,0.000000
0.0824,20.081630,0.000000
0.0838,20.081630,0.000000
0.0856,20.081630,0.000000
0.0875,20.081630,0.000000
0.0893,20.081630,0.000000
0.0912,20.081630,0.000000
0.0931,20.122450,0.000000
0.0949,20.122450,0.000000
0.0966,20.122450,0.000000
0.0981,20.122450,0.000000
0.1001,20.122450,0.000000
0.1027,20.122450,0.000000
0.1046,20.122450,0.000000
0.1062,20.122450,0.000000
0.1078,20.122450,0.000000
0.1097,20.122450,0.000000
0.1117,20.122450,0.000000
0.1134,20.171430,0.000000
0.1149,20.171430,0.000000
0.1162,20.171430,0.000000
0.1182,20.171430,0.000000
0.1205,20.171430,0.000000
0.1224,20.171430,0.000000
0.1238,20.171430,0.000000
0.1254,20.171430,0.000000
0.1271,20.171430,0.000000
0.1292,20.171430,0.000000
0.1311,20.171430,0.000000
0.1329,20.228570,0.000000
0.1345,20.228570,0.000000
0.1365,20.228570,0.000000
0.1385,20.228570,0.000000
0.1432,20.228570,0.000000
0.1451,20.228570,0.000000
0.1470,20.228570,0.000000
0.1486,20.228570,0.000000
0.1503,20.228570,0.000000
0.1518,20.228570,0.000000
0.1538,20.293880,0.000000
0.1553,20.293880,0.000000
0.1572,20.293880,0.000000
0.1587,20.293880,0.000000
0.1604,20.293880,0.000000
0.1619,20.293880,0.000000
0.1632,20.293880,0.000000
0.1644,20.293880,0.000000
0.1659,20.293880,0.000000
0.1676,20.293880,0.000000
0.1710,20.293880,0.000000
0.1730,20.367350,0.000000
0.1747,20.367350,0.000000
0.1770,20.367350,0.000000
0.1791,20.367350,0.000000
0.1807,20.367350,0.000000
0.1823,20.367350,0.000000
0.1837,20.367350,0.000000
0.1854,20.367350,0.000000
0.1869,20.367350,0.000000
0.1883,20.367350,0.000000
0.1897,20.367350,0.000000
0.1909,20.367350,0.000000
0.1930,20.448980,0.000000
0.1958,20.448980,0.000000
0.1972,20.448980,0.000000
0.1984,20.448980,0.000000
0.1998,20.448980,0.000000
0.2015,20.448980,0.000000
0.2049,20.448980,0.000000
0.2064,20.448980,0.000000
0.2082,20.448980,0.000000
0.2099,20.448980,0.000000
0.2119,20.448980,0.000000
0.2137,20.538770,0.000000
0.2151,20.538770,0.000000
0.2166,20.538770,0.000000
0.2182,20.538770,0.000000
0.2213,20.538770,0.000000
0.2226,20.538770,0.000000
0.2237,20.538770,0.000000
0.2257,20.538770,0.000000
0.2274,20.538770,0.000000
0.2294,20.538770,0.000000
0.2308,20.538770,0.000000
0.2323,20.538770,0.000000
0.2336,20.636730,0.000000
0.2377,20.636730,0.000000
0.2393,20.636730,0.000000
0.2410,20.636730,0.000000
0.2426,20.636730,0.000000
0.2447,20.636730,0.000000
0.2463,20.636730,0.000000
0.2475,20.636730,0.000000
0.2492,20.636730,0.000000
0.2506,20.636730,0.000000
0.2524,20.636730,0.000000
0.2547,20.742860,0.000000
0.2559,20.742860,0.000000
0.2571,20.742860,0.000000
0.2583,20.742860,0.000000
0.2630,20.742860,0.000000
0.2666,20.742860,0.000000
0.2684,20.742860,0.000000
0.2702,20.742860,0.000000
0.2717,20.742860,0.000000
0.2730,20.855020,0.000000
0.2745,20.855020,0.000000
0.2760,20.855020,0.000000
0.2776,20.855020,0.000000
0.2790,20.855020,0.000000
0.2804,20.855020,0.000000
0.2821,20.855020,0.000000
0.2839,20.855020,0.000000
0.2858,20.855020,0.000000
0.2876,20.855020,0.000000
0.2890,20.855020,0.000000
0.2907,20.855020,0.000000
0.2920,20.855020,0.000000
0.2938,20.967180,0.000000
0.2967,20.967180,0.000000
0.2982,20.967180,0.000000
0.2999,20.967180,0.000000
0.3015,20.967180,0.000000
0.3043,20.967180,0.000000
0.3058,20.967180,0.000000
0.3071,20.967180,0.000000
0.3083,20.967180,0.000000
0.3102,20.967180,0.000000
0.3128,20.967180,0.000000
0.3141,21.079350,0.000000
0.3153,21.079350,0.000000
0.3166,21.079350,0.000000
0.3209,21.079350,0.000000
0.3226,21.079350,0.000000
0.3242,21.079350,0.000000
0.3255,21.079350,0.000000
0.3276,21.079350,0.000000
0.3294,21.079350,0.000000
0.3308,21.079350,0.000000
0.3321,21.079350,0.000000
0.3335,21.115040,0.000000
0.3353,21.115040,0.000000
0.3380,21.115040,0.000000
0.3396,21.115040,0.000000
0.3415,21.115040,0.000000
0.3435,21.115040,0.000000
0.3458,21.115040,0.000000
0.3474,21.115040,0.000000
0.3486,21.115040,0.000000
0.3499,21.115040,0.000000
0.3514,21.115040,0.000000
0.3551,21.115020,0.000000
0.3565,21.115020,0.000000
0.3576,21.115020,0.000000
0.3595,21.115020,0.000000
0.3625,21.115020,0.000000
0.3646,21.115020,0.000000
0.3662,21.115020,0.000000
0.3680,21.115020,0.000000
0.3697,21.115020,0.000000
0.3711,21.115020,0.000000
0.3723,21.115020,0.000000
0.3734,21.115020,0.000000
0.3746,21.115020,0.000000
0.3761,21.115020,0.000000
0.3799,21.115020,0.000000
0.3813,21.115020,0.000000
0.3826,21.115020,0.000000
0.3845,21.115020,0.000000
0.3874,21.115020,0.000000
0.3891,21.115020,0.000000
0.3935,21.115020,0.000000
0.3953,21.115010,0.000000
0.3968,21.115010,0.000000
0.3981,21.115010,0.000000
0.3999,21.115010,0.000000
0.4016,21.115010,0.000000
0.4031,21.115010,0.000000
0.4047,21.115010,0.000000
0.4060,21.115010,0.000000
0.4079,21.115010,0.000000
0.4094,21.115010,0.000000
0.4111,21.115010,0.000000
0.4128,21.115010,0.000000
0.4142,21.115010,0.000000
0.4160,21.115010,0.000000
0.4175,21.115010,0.000000
0.4212,21.115010,0.000000
0.4228,21.115010,0.000000
0.4247,21.115010,0.000000
0.4268,21.115010,0.000000
0.4294,21.115010,0.000000
0.4309,21.115010,0.000000
0.4321,21.115010,0.000000
0.4334,21.115000,0.000000
0.4376,21.115000,0.000000
0.4397,21.115000,0.000000
0.4412,21.115000,0.000000
0.4429,21.115000,0.000000
0.4447,21.115000,0.000000
0.4463,21.115000,0.000000
0.4475,21.115000,0.000000
0.4486,21.115000,0.000000
0.4504,21.115000,0.000000
0.4519,21.115000,0.000000
0.4545,21.115000,0.000000
0.4558,21.115000,0.000000
0.4571,21.115000,0.000000
0.4589,21.115000,0.000000
0.4627,21.115000,0.000000
0.4641,21.115000,0.000000
0.4653,21.115000,0.000000
0.4672,21.115000,0.000000
0.4690,21.115000,0.000000
0.4712,21.115000,0.000000
0.4726,21.115000,0.000000
0.4737,21.115000,0.000000
0.4750,21.115000,0.000000
0.4786,21.115000,0.000000
0.4804,21.115000,0.000000
0.4818,21.115000,0.000000
0.4835,21.115000,0.000000
0.4851,21.115000,0.000000
0.4877,21.115000,0.000000
0.4891,21.115000,0.000000
0.4904,21.115000,0.000000
0.4923,21.115000,0.000000
0.4939,21.115000,0.000000
0.4963,21.115000,0.000000
0.4975,21.115000,0.000000
0.4988,21.115000,0.000000
0.5000,21.115000,0.000000
0.5039,21.115000,0.000000
0.5051,21.115000,0.000000
0.5062,21.115000,0.000000
0.5075,21.115000,0.000000
0.5097,21.115000,0.000000
0.5130,21.115000,0.000000
0.5145,21.115000,0.000000
0.5158,21.115000,0.000000
0.5172,21.115000,0.000000
0.5190,21.115000,0.000000
0.5215,21.115000,0.000000
0.5228,21.115000,0.000000
0.5240,21.115000,0.000000
0.5255,21.115000,0.000000
0.5291,21.115000,0.000000
0.5308,21.115000,0.000000
0.5325,21.115000,0.000000
0.5343,21.115000,0.000000
0.5360,21.115000,0.000000
0.5380,21.115000,0.000000
0.5396,21.115000,0.000000
0.5412,21.115000,0.000000
0.5426,21.115000,0.000000
0.5446,21.115000,0.000000
0.5468,21.115000,0.000000
0.5481,21.115000,0.000000
0.5493,21.115000,0.000000
0.5509,21.115000,0.000000
0.5545,21.115000,0.000000
0.5560,21.115000,0.000000
0.5572,21.115000,0.000000
0.5584,21.115000,0.000000
0.5622,21.115000,0.000000
0.5635,21.115000,0.000000
0.5646,21.115000,0.000000
0.5658,21.115000,0.000000
0.5671,21.115000,0.000000
0.5712,21.115000,0.000000
0.5728,21.115000,0.000000
0.5743,21.115000,0.000000
0.5760,21.115000,0.000000
0.5776,21.115000,0.000000
0.5797,21.115000,0.000000
0.5811,21.115000,0.000000
0.5823,21.115000,0.000000
0.5836,21.115000,0.000000
0.5875,21.115000,0.000000
0.5892,21.115000,0.000000
0.5909,21.115000,0.000000
0.5929,21.115000,0.000000
0.5948,21.115000,0.000000
0.5966,21.115000,0.000000
0.5983,21.115000,0.000000
0.5997,21.115000,0.000000
0.6011,21.115000,0.000000
0.6039,21.115000,0.000000
0.6053,21.115000,0.000000
0.6064,21.115000,0.000000
0.6080,21.115000,0.000000
0.6099,21.115000,0.000000
0.6130,21.115000,0.000000
0.6145,21.115000,0.000000
0.6158,21.115000,0.000000
0.6174,21.115000,0.000000
0.6201,21.115000,0.000000
0.6219,21.115000,0.000000
0.6232,21.115000,0.000000
0.6247,21.115000,0.000000
0.6263,21.115000,0.000000
0.6294,21.115000,0.000000
0.6309,21.115000,0.000000
0.6328,21.115000,0.000000
0.6343,21.115000,0.000000
0.6361,21.115000,0.000000
0.6379,21.115000,0.000000
0.6392,21.115000,0.000000
0.6404,21.115000,0.000000
0.6415,21.115000,0.000000
0.6461,21.115000,0.000000
0.6475,21.115000,0.000000
0.6490,21.115000,0.000000
0.6505,21.115000,0.000000
0.6524,21.115000,0.000000
0.6545,21.115000,0.000000
0.6559,21.115000,0.000000
0.6571,21.115000,0.000000
0.6583,21.115000,0.000000
0.6625,21.115000,0.000000
0.6643,21.115000,0.000000
0.6658,21.115000,0.000000
0.6676,21.115000,0.000000
0.6693,21.115000,0.000000
0.6710,21.115000,0.000000
0.6724,21.115000,0.000000
0.6736,21.115000,0.000000
0.6749,21.115000,0.000000
0.6761,21.115000,0.000000
0.6799,21.115000,0.000000
0.6814,21.115000,0.000000
0.6829,21.115000,0.000000
0.6844,21.115000,0.000000
0.6874,21.115000,0.000000
0.6890,21.115000,0.000000
0.6907,21.115000,0.000000
0.6923,21.115000,0.000000
0.6940,21.115000,0.000000
0.6962,21.115000,0.000000
0.6977,21.115000,0.000000
0.6990,21.115000,0.000000
0.7006,21.115000,0.000000
0.7025,21.115000,0.000000
0.7048,21.115000,0.000000
0.7062,21.115000,0.000000
0.7075,21.115000,0.000000
0.7090,21.115000,0.000000
0.7127,21.115000,0.000000
0.7144,21.115000,0.000000
0.7156,21.115000,0.000000
0.7167,21.115000,0.000000
0.7180,21.115000,0.000000
0.7215,21.115000,0.000000
0.7228,21.115000,0.000000
0.7240,21.115000,0.000000
0.7256,21.115000,0.000000
0.7293,21.115000,0.000000
0.7308,21.115000,0.000000
0.7326,21.115000,0.000000
0.7341,21.115000,0.000000
0.7360,21.115000,0.000000
0.7375,21.115000,0.000000
0.7388,21.115000,0.000000
0.7399,21.115000,0.000000
0.7412,21.115000,0.000000
0.7445,21.115000,0.000000
0.7463,21.115000,0.000000
0.7477,21.115000,0.000000
0.7495,21.115000,0.000000
0.7509,21.115000,0.000000
0.7546,21.115000,0.000000
0.7563,21.115000,0.000000
0.7578,21.115000,0.000000
0.7594,21.115000,0.000000
0.7612,21.115000,0.000000
0.7630,21.115000,0.000000
0.7645,21.115000,0.000000
0.7665,21.115000,0.000000
0.7682,21.115000,0.000000
0.7698,21.115000,0.000000
0.7715,21.115000,0.000000
0.7733,21.115000,0.000000
0.7745,21.115000,0.000000
0.7767,21.115000,0.000000
0.7794,21.115000,0.000000
0.7817,21.115000,0.000000
0.7832,21.115000,0.000000
0.7854,21.115000,0.000000
0.7869,21.115000,0.000000
0.7885,21.115000,0.000000
0.7897,21.115000,0.000000
0.7912,21.115000,0.000000
0.7928,21.115000,0.000000
0.7962,21.115000,0.000000
0.7976,21.115000,0.000000
0.7990,21.115000,0.000000
0.8005,21.115000,0.000000
0.8021,21.115000,0.000000
0.8050,21.115000,0.000000
0.8064,21.115000,0.000000
0.8078,21.115000,0.000000
0.8094,21.115000,0.000000
0.8128,21.115000,0.000000
0.8144,21.115000,0.000000
0.8157,21.115000,0.000000
0.8170,21.115000,0.000000
0.8195,21.115000,0.000000
0.8217,21.115000,0.000000
0.8232,21.115000,0.000000
0.8244,21.115000,0.000000
0.8256,21.115000,0.000000
0.8301,21.115000,0.000000
0.8319,21.115000,0.000000
0.8341,21.115000,0.000000
0.8361,21.115000,0.000000
0.8379,21.115000,0.000000
0.8394,21.115000,0.000000
0.8407,21.115000,0.000000
0.8419,21.115000,0.000000
0.8435,21.115000,0.000000
0.8452,21.115000,0.000000
0.8472,21.115000,0.000000
0.8489,21.115000,0.000000
0.8506,21.115000,0.000000
0.8523,21.115000,0.000000
0.8548,21.115000,0.000000
0.8563,21.115000,0.000000
0.8579,21.115000,0.000000
0.8594,21.115000,0.000000
0.8624,21.115000,0.000000
0.8639,21.115000,0.000000
0.8651,21.115000,0.000000
0.8669,21.115000,0.000000
0.8688,21.115000,0.000000
0.8712,21.115000,0.000000
0.8726,21.115000,0.000000
0.8743,21.115000,0.000000
0.8762,21.115000,0.000000
0.8778,21.115000,0.000000
0.8799,21.115000,0.000000
0.8813,21.115000,0.000000
0.8829,21.115000,0.000000
0.8844,21.115000,0.000000
0.8876,21.115000,0.000000
0.8891,21.115000,0.000000
0.8903,21.115000,0.000000
0.8918,21.115000,0.000000
0.8936,21.115000,0.000000
0.8963,21.115000,0.000000
0.8978,21.115000,0.000000
0.8989,21.115000,0.000000
0.9002,21.115000,0.000000
0.9032,21.115000,0.000000
0.9049,21.115000,0.000000
0.9062,21.115000,0.000000
0.9078,21.115000,0.000000
0.9092,21.115000,0.000000
0.9132,21.115000,0.000000
0.9147,21.115000,0.000000
0.9166,21.115000,0.000000
0.9182,21.115000,0.000000
0.9207,21.115000,0.000000
0.9222,21.115000,0.000000
0.9234,21.115000,0.000000
0.9245,21.115000,0.000000
0.9297,21.115000,0.000000
0.9316,21.115000,0.000000
0.9332,21.115000,0.000000
0.9346,21.115000,0.000000
0.9365,21.115000,0.000000
0.9387,21.115000,0.000000
0.9403,21.115000,0.000000
0.9420,21.115000,0.000000
0.9434,21.115000,0.000000
0.9464,21.115000,0.000000
0.9477,21.115000,0.000000
0.9488,21.115000,0.000000
0.9499,21.115000,0.000000
0.9521,21.115000,0.000000
0.9547,21.115000,0.000000
0.9559,21.115000,0.000000
0.9576,21.115000,0.000000
0.9591,21.115000,0.000000
0.9629,21.115000,0.000000
0.9643,21.115000,0.000000
0.9654,21.115000,0.000000
0.9667,21.115000,0.000000
0.9683,21.115000,0.000000
0.9714,21.115000,0.000000
0.9729,21.115000,0.000000
0.9746,21.115000,0.000000
0.9759,21.115000,0.000000
0.9783,21.115000,0.000000
0.9801,21.115000,0.000000
0.9814,21.115000,0.000000
0.9826,21.115000,0.000000
0.9841,21.115000,0.000000
0.9879,21.115000,0.000000
0.9893,21.115000,0.000000
0.9904,21.115000,0.000000
0.9920,21.115000,0.000000
0.9945,21.115000,0.000000
0.9964,21.115000,0.000000
0.9978,21.115000,0.000000
0.9991,21.115000,0.000000
1.0011,21.115000,0.000000
1.0043,21.115000,0.000000
1.0057,21.115000,0.000000
1.0069,21.115000,0.000000
1.0083,21.115000,0.000000
1.0104,21.115000,0.000000
1.0129,21.115000,0.000000
1.0143,21.115000,0.000000
1.0154,21.115000,0.000000
1.0170,21.115000,0.000000
1.0202,21.115000,0.000000
1.0221,21.115000,0.000000
1.0235,21.115000,0.000000
1.0246,21.115000,0.000000
1.0260,21.115000,0.000000
1.0291,21.115000,0.000000
1.0306,21.115000,0.000000
1.0324,21.115000,0.000000
1.0343,21.115000,0.000000
1.0360,21.115000,0.000000
1.0380,21.115000,0.000000
1.0394,21.115000,0.000000
1.0411,21.115000,0.000000
1.0423,21.115000,0.000000
1.0458,21.115000,0.000000
1.0472,21.115000,0.000000
1.0485,21.115000,0.000000
1.0503,21.115000,0.000000
1.0520,21.115000,0.000000
1.0544,21.115000,0.000000
1.0559,21.115000,0.000000
1.0569,21.115000,0.000000
1.0583,21.115000,0.000000
1.0605,21.115000,0.000000
1.0633,21.115000,0.000000
1.0646,21.115000,0.000000
1.0656,21.115000,0.000000
1.0672,21.115000,0.000000
1.0713,21.115000,0.000000
1.0733,21.115000,0.000000
1.0745,21.115000,0.000000
1.0761,21.115000,0.000000
1.0776,21.115000,0.000000
1.0796,21.115000,0.000000
1.0812,21.115000,0.000000
1.0827,21.115000,0.000000
1.0844,21.115000,0.000000
1.0859,21.115000,0.000000
1.0885,21.115000,0.000000
1.0897,21.115000,0.000000
1.0910,21.115000,0.000000
1.0926,21.115000,0.000000
1.0961,21.115000,0.000000
1.0975,21.115000,0.000000
1.0987,21.115000,0.000000
1.0999,21.115000,0.000000
1.1015,21.115000,0.000000
1.1051,21.115000,0.000000
1.1063,21.115000,0.000000
1.1078,21.115000,0.000000
1.1093,21.115000,0.000000
1.1124,21.115000,0.000000
1.1143,21.115000,0.000000
1.1158,21.115000,0.000000
1.1174,21.115000,0.000000
1.1189,21.115000,0.000000
1.1211,21.115000,0.000000
1.1224,21.115000,0.000000
1.1239,21.115000,0.000000
1.1250,21.115000,0.000000
1.1265,21.115000,0.000000
1.1301,21.115000,0.000000
1.1318,21.115000,0.000000
1.1332,21.115000,0.000000
1.1347,21.115000,0.000000
1.1373,21.115000,0.000000
1.1390,21.115000,0.000000
1.1405,21.115000,0.000000
1.1422,21.115000,0.000000
1.1438,21.115000,0.000000
1.1462,21.115000,0.000000
1.1478,21.115000,0.000000
1.1493,21.115000,0.000000
1.1508,21.115000,0.000000
1.1523,21.115000,0.000000
1.1550,21.115000,0.000000
1.1565,21.115000,0.000000
1.1576,21.115000,0.000000
1.1587,21.115000,0.000000
1.1636,21.115000,0.000000
1.1698,21.115000,0.000000
1.1731,21.115000,0.000000
1.1766,21.115000,0.000000
1.1816,21.115000,0.000000
1.1833,21.115000,0.000000
1.1898,21.115000,0.000000
1.1913,21.115000,0.000000
1.1933,21.115000,0.000000
1.1980,21.115000,0.000000
1.1994,21.115000,0.000000
1.2012,21.115000,0.000000
1.2062,21.115000,0.000000
1.2076,21.115000,0.000000
1.2089,21.115000,0.000000
1.2147,21.115000,0.000000
1.2164,21.115000,0.000000
1.2183,21.115000,0.000000
1.2230,21.115000,0.000000
1.2246,21.115000,0.000000
1.2265,21.115000,0.000000
1.2313,21.115000,0.000000
1.2328,21.115000,0.000000
1.2343,21.115000,0.000000
1.2394,21.115000,0.000000
1.2409,21.115000,0.000000
1.2425,21.115000,0.000000
1.2477,21.115000,0.000000
1.2493,21.115000,0.000000
1.2504,21.115000,0.000000
1.2561,21.115000,0.000000
1.2574,21.115000,0.000000
1.2587,21.115000,0.000000
1.2644,21.115000,0.000000
1.2657,21.115000,0.000000
1.2670,21.115000,0.000000
1.2729,21.115000,0.000000
1.2747,21.115000,0.000000
1.2762,21.115000,0.000000
1.2812,21.115000,0.000000
1.2828,21.115000,0.000000
1.2846,21.115000,0.000000
1.2896,21.115000,0.000000
1.2912,21.115000,0.000000
1.2930,21.115000,0.000000
1.2981,21.115000,0.000000
1.2997,21.115000,0.000000
1.3014,21.115000,0.000000
1.3062,21.115000,0.000000
1.3077,21.115000,0.000000
1.3094,21.115000,0.000000
1.3146,21.115000,0.000000
1.3165,21.115000,0.000000
1.3182,21.115000,0.000000
1.3231,21.115000,0.000000
1.3248,21.115000,0.000000
1.3262,21.115000,0.000000
1.3312,21.115000,0.000000
1.3327,21.115000,0.000000
1.3346,21.115000,0.000000
1.3397,21.115000,0.000000
1.3417,21.115000,0.000000
1.3434,21.115000,0.000000
1.3480,21.115000,0.000000
1.3494,21.115000,0.000000
1.3508,21.115000,0.000000
1.3561,21.115000,0.000000
1.3574,21.115000,0.000000
1.3591,21.115000,0.000000
1.3646,21.115000,0.000000
1.3662,21.115000,0.000000
1.3678,21.115000,0.000000
1.3731,21.115000,0.000000
1.3746,21.115000,0.000000
1.3758,21.115000,0.000000
1.3814,21.115000,0.000000
1.3829,21.115000,0.000000
1.3842,21.115000,0.000000
1.3899,21.115000,0.000000
1.3915,21.115000,0.000000
1.3933,21.115000,0.000000
1.3981,21.115000,0.000000
1.3994,21.115000,0.000000
1.4008,21.115000,0.000000
1.4064,21.115000,0.000000
1.4081,21.115000,0.000000
1.4095,21.115000,0.000000
1.4145,21.115000,0.000000
1.4160,21.115000,0.000000
1.4173,21.115000,0.000000
1.4232,21.115000,0.000000
1.4249,21.115000,0.000000
1.4263,21.115000,0.000000
1.4314,21.115000,0.000000
1.4330,21.115000,0.000000
1.4345,21.115000,0.000000
1.4398,21.115000,0.000000
1.4414,21.115000,0.000000
1.4426,21.115000,0.000000
1.4479,21.115000,0.000000
1.4494,21.115000,0.000000
1.4509,21.115000,0.000000
1.4561,21.115000,0.000000
1.4573,21.115000,0.000000
1.4586,21.115000,0.000000
1.4648,21.115000,0.000000
1.4662,21.115000,0.000000
1.4675,21.115000,0.000000
1.4727,21.115000,0.000000
1.4741,21.115000,0.000000
1.4754,21.115000,0.000000
1.4811,21.115000,0.000000
1.4829,21.115000,0.000000
1.4842,21.115000,0.000000
1.4897,21.115000,0.000000
1.4910,21.115000,0.000000
1.4923,21.115000,0.000000
1.4980,21.115000,0.000000
1.4994,21.115000,0.000000
1.5006,21.115000,0.000000
1.5062,21.115000,0.000000
1.5079,21.115000,0.000000
1.5098,21.115000,0.000000
1.5152,21.115000,0.000000
1.5170,21.115000,0.000000
1.5228,21.115000,0.000000
1.5242,21.115000,0.000000
1.5258,21.115000,0.000000
1.5315,21.115000,0.000000
1.5332,21.115000,0.000000
1.5345,21.115000,0.000000
1.5395,21.115000,0.000000
1.5409,21.115000,0.000000
1.5425,21.115000,0.000000
1.5483,21.115000,0.000000
1.5503,21.115000,0.000000
1.5563,21.115000,0.000000
1.5577,21.115000,0.000000
1.5590,21.115000,0.000000
1.5646,21.115000,0.000000
1.5664,21.115000,0.000000
1.5677,21.115000,0.000000
1.5728,21.115000,0.000000
1.5746,21.115000,0.000000
1.5761,21.115000,0.000000
1.5814,21.115000,0.000000
1.5827,21.115000,0.000000
1.5844,21.115000,0.000000
1.5896,21.115000,0.000000
1.5911,21.115000,0.000000
1.5928,21.115000,0.000000
1.5977,21.115000,0.000000
1.5991,21.115000,0.000000
1.6008,21.115000,0.000000
1.6062,21.115000,0.000000
1.6074,21.115000,0.000000
1.6088,21.115000,0.000000
1.6146,21.115000,0.000000
1.6165,21.115000,0.000000
1.6178,21.115000,0.000000
1.6225,21.115000,0.000000
1.6238,21.115000,0.000000
1.6254,21.115000,0.000000
1.6311,21.115000,0.000000
1.6325,21.115000,0.000000
1.6342,21.115000,0.000000
1.6400,21.115000,0.000000
1.6415,21.115000,0.000000
1.6436,21.115000,0.000000
1.6485,21.115000,0.000000
1.6543,21.115000,0.000000
1.6578,21.115000,0.000000
1.6610,21.115000,0.000000
1.6659,21.115000,0.000000
1.6682,21.115000,0.000000
1.6733,21.115000,0.000000
1.6754,21.115000,0.000000
1.6817,21.115000,0.000000
1.6835,21.115000,0.000000
1.6896,21.115000,0.000000
1.6915,21.115000,0.000000
1.6934,21.115000,0.000000
1.6980,21.115000,0.000000
1.6995,21.115000,0.000000
1.7009,21.115000,0.000000
1.7063,21.115000,0.000000
1.7077,21.115000,0.000000
1.7090,21.115000,0.000000
1.7146,21.115000,0.000000
1.7163,21.115000,0.000000
1.7181,21.115000,0.000000
1.7229,21.115000,0.000000
1.7244,21.115000,0.000000
1.7258,21.115000,0.000000
1.7336,21.115000,0.000000
1.7368,21.115000,0.000000
1.7394,21.115000,0.000000
1.7424,21.115000,0.000000
1.7449,21.115000,0.000000
1.7468,21.115000,0.000000
1.7482,21.115000,0.000000
1.7499,21.115000,0.000000
1.7517,21.115000,0.000000
1.7533,21.115000,0.000000
1.7549,21.115000,0.000000
1.7563,21.115000,0.000000
1.7578,21.115000,0.000000
1.7589,21.115000,0.000000
1.7605,21.115000,0.000000
1.7631,21.115000,0.000000
1.7647,21.115000,0.000000
1.7661,21.115000,0.000000
1.7673,21.115000,0.000000
1.7703,21.115000,0.000000
1.7720,21.115000,0.000000
1.7735,21.115000,0.000000
1.7748,21.115000,0.000000
1.7764,21.115000,0.000000
1.7795,21.115000,0.000000
1.7808,21.115000,0.000000
1.7819,21.115000,0.000000
1.7835,21.115000,0.000000
1.7862,21.115000,0.000000
1.7885,21.115000,0.000000
1.7899,21.115000,0.000000
1.7914,21.115000,0.000000
1.7931,21.115000,0.000000
1.7958,21.115000,0.000000
1.7974,21.115000,0.000000
1.7992,21.115000,0.000000
1.8010,21.115000,0.000000
1.8027,21.115000,0.000000
1.8046,21.115000,0.000000
1.8061,21.115000,0.000000
1.8078,21.115000,0.000000
1.8093,21.115000,0.000000
1.8118,21.115000,0.000000
1.8137,21.115000,0.000000
1.8156,21.115000,0.000000
1.8170,21.115000,0.000000
1.8186,21.115000,0.000000
1.8211,21.115000,0.000000
1.8225,21.115000,0.000000
1.8239,21.115000,0.000000
1.8254,21.115000,0.000000
1.8274,21.115000,0.000000
1.8304,21.115000,0.000000
1.8336,21.115000,0.000000
1.8359,21.115000,0.000000
1.8381,21.115000,0.000000
1.8397,21.115000,0.000000
1.8418,21.115000,0.000000
1.8437,21.115000,0.000000
1.8451,21.115000,0.000000
1.8466,21.115000,0.000000
1.8479,21.115000,0.000000
1.8490,21.115000,0.000000
1.8503,21.115000,0.000000
1.8515,21.115000,0.000000
1.8544,21.115000,0.000000
1.8558,21.115000,0.000000
1.8572,21.115000,0.000000
1.8584,21.115000,0.000000
1.8599,21.115000,0.000000
1.8632,21.115000,0.000000
1.8646,21.115000,0.000000
1.8658,21.115000,0.000000
1.8678,21.115000,0.000000
1.8712,21.115000,0.000000
1.8728,21.115000,0.000000
1.8739,21.115000,0.000000
1.8752,21.115000,0.000000
1.8766,21.115000,0.000000
1.8800,21.115000,0.000000
1.8817,21.115000,0.000000
1.8831,21.115000,0.000000
1.8850,21.115000,0.000000
1.8869,21.115000,0.000000
1.8886,21.115000,0.000000
1.8900,21.115000,0.000000
1.8918,21.115000,0.000000
1.8932,21.115000,0.000000
1.8960,21.115000,0.000000
1.8974,21.115000,0.000000
1.8990,21.115000,0.000000
1.9003,21.115000,0.000000
1.9022,21.115000,0.000000
1.9049,21.115000,0.000000
1.9064,21.115000,0.000000
1.9076,21.115000,0.000000
1.9091,21.115000,0.000000
1.9125,21.115000,0.000000
1.9141,21.115000,0.000000
1.9157,21.115000,0.000000
1.9174,21.115000,0.000000
1.9190,21.115000,0.000000
1.9216,21.115000,0.000000
1.9231,21.115000,0.000000
1.9247,21.115000,0.000000
1.9260,21.115000,0.000000
1.9301,21.115000,0.000000
1.9314,21.115000,0.000000
1.9330,21.115000,0.000000
1.9342,21.115000,0.000000
1.9379,21.115000,0.000000
1.9395,21.115000,0.000000
1.9413,21.115000,0.000000
1.9429,21.115000,0.000000
1.9459,21.115000,0.000000
1.9473,21.115000,0.000000
1.9484,21.115000,0.000000
1.9496,21.115000,0.000000
1.9508,21.115000,0.000000
1.9550,21.115000,0.000000
1.9565,21.115000,0.000000
1.9579,21.115000,0.000000
1.9593,21.115000,0.000000
1.9618,21.115000,0.000000
1.9635,21.115000,0.000000
1.9647,21.115000,0.000000
1.9658,21.115000,0.000000
1.9670,21.115000,0.000000
1.9714,21.115000,0.000000
1.9730,21.115000,0.000000
1.9747,21.115000,0.000000
1.9762,21.115000,0.000000
1.9776,21.115000,0.000000
1.9796,21.115000,0.000000
1.9812,21.115000,0.000000
1.9832,21.115000,0.000000
1.9849,21.115000,0.000000
1.9873,21.115000,0.000000
1.9887,21.115000,0.000000
1.9904,21.115000,0.000000
1.9916,21.115000,0.000000
1.9931,21.115000,0.000000
1.9962,21.115000,0.000000
1.9976,21.115000,0.000000
1.9994,21.115000,0.000000
2.0010,21.115000,0.000000
2.0027,21.115000,0.000000
2.0050,21.115000,0.000000
2.0063,21.115000,0.000000
2.0077,21.115000,0.000000
2.0093,21.115000,0.000000
2.0129,21.115000,0.000000
2.0144,21.115000,0.000000
2.0161,21.115000,0.000000
2.0177,21.115000,0.000000
2.0191,21.115000,0.000000
2.0212,21.115000,0.000000
2.0224,21.115000,0.000000
2.0234,21.115000,0.000000
2.0247,21.115000,0.000000
2.0293,21.115000,0.000000
2.0311,21.115000,0.000000
2.0325,21.115000,0.000000
2.0341,21.115000,0.000000
2.0355,21.115000,0.000000
2.0377,21.115000,0.000000
2.0390,21.115000,0.000000
2.0401,21.115000,0.000000
2.0412,21.115000,0.000000
2.0448,21.115000,0.000000
2.0465,21.115000,0.000000
2.0477,21.115000,0.000000
2.0494,21.115000,0.000000
2.0510,21.115000,0.000000
2.0543,21.115000,0.000000
2.0557,21.115000,0.000000
2.0570,21.115000,0.000000
2.0582,21.115000,0.000000
2.0598,21.115000,0.000000
2.0629,21.115000,0.000000
2.0643,21.115000,0.000000
2.0656,21.115000,0.000000
2.0670,21.115000,0.000000
2.0700,21.115000,0.000000
2.0716,21.115000,0.000000
2.0730,21.115000,0.000000
2.0744,21.115000,0.000000
2.0755,21.115000,0.000000
2.0796,21.115000,0.000000
2.0808,21.115000,0.000000
2.0820,21.115000,0.000000
2.0833,21.115000,0.000000
2.0862,21.115000,0.000000
2.0881,21.115000,0.000000
2.0892,21.115000,0.000000
2.0903,21.115000,0.000000
2.0922,21.115000,0.000000
2.0960,21.115000,0.000000
2.0977,21.115000,0.000000
2.0993,21.115000,0.000000
2.1008,21.115000,0.000000
2.1024,21.115000,0.000000
2.1043,21.115000,0.000000
2.1055,21.115000,0.000000
2.1066,21.115000,0.000000
2.1080,21.115000,0.000000
2.1120,21.115000,0.000000
2.1136,21.115000,0.000000
2.1149,21.115000,0.000000
2.1161,21.115000,0.000000
2.1173,21.115000,0.000000
2.1214,21.115000,0.000000
2.1228,21.115000,0.000000
2.1240,21.115000,0.000000
2.1256,21.115000,0.000000
2.1284,21.115000,0.000000
2.1299,21.115000,0.000000
2.1312,21.115000,0.000000
2.1331,21.115000,0.000000
2.1351,21.115000,0.000000
2.1378,21.115000,0.000000
2.1394,21.115000,0.000000
2.1409,21.115000,0.000000
2.1421,21.115000,0.000000
2.1438,21.115000,0.000000
2.1462,21.115000,0.000000
2.1476,21.115000,0.000000
2.1491,21.115000,0.000000
2.1504,21.115000,0.000000
2.1541,21.115000,0.000000
2.1555,21.115000,0.000000
2.1566,21.115000,0.000000
2.1583,21.115000,0.000000
2.1606,21.115000,0.000000
2.1629,21.115000,0.000000
2.1644,21.115000,0.000000
2.1659,21.115000,0.000000
2.1677,21.115000,0.000000
2.1695,21.115000,0.000000
2.1717,21.115000,0.000000
2.1729,21.115000,0.000000
2.1740,21.115000,0.000000
2.1750,21.115000,0.000000
2.1796,21.115000,0.000000
2.1809,21.115000,0.000000
2.1820,21.115000,0.000000
2.1835,21.115000,0.000000
2.1851,21.115000,0.000000
2.1880,21.115000,0.000000
2.1893,21.115000,0.000000
2.1904,21.115000,0.000000
2.1915,21.115000,0.000000
2.1960,21.115000,0.000000
2.1974,21.115000,0.000000
2.1985,21.115000,0.000000
2.1995,21.115000,0.000000
2.2012,21.115000,0.000000
2.2045,21.115000,0.000000
2.2064,21.115000,0.000000
2.2080,21.115000,0.000000
2.2096,21.115000,0.000000
2.2113,21.115000,0.000000
2.2130,21.115000,0.000000
2.2142,21.115000,0.000000
2.2153,21.115000,0.000000
2.2165,21.115000,0.000000
2.2206,21.115000,0.000000
2.2218,21.115000,0.000000
2.2230,21.115000,0.000000
2.2245,21.115000,0.000000
2.2260,21.115000,0.000000
2.2296,21.115000,0.000000
2.2310,21.115000,0.000000
2.2326,21.115000,0.000000
2.2338,21.115000,0.000000
2.2352,21.115000,0.000000
2.2382,21.115000,0.000000
2.2395,21.115000,0.000000
2.2411,21.115000,0.000000
2.2428,21.115000,0.000000
2.2462,21.115000,0.000000
2.2475,21.115000,0.000000
2.2489,21.115000,0.000000
2.2506,21.115000,0.000000
2.2532,21.115000,0.000000
2.2559,21.115000,0.000000
2.2573,21.115000,0.000000
2.2588,21.115000,0.000000
2.2607,21.115000,0.000000
2.2626,21.115000,0.000000
2.2642,21.115000,0.000000
2.2659,21.115000,0.000000
2.2678,21.115000,0.000000
2.2694,21.115000,0.000000
2.2709,21.115000,0.000000
2.2723,21.115000,0.000000
2.2734,21.115000,0.000000
2.2748,21.115000,0.000000
2.2767,21.115000,0.000000
2.2799,21.115000,0.000000
2.2815,21.115000,0.000000
2.2830,21.115000,0.000000
2.2845,21.115000,0.000000
2.2877,21.115000,0.000000
2.2891,21.115000,0.000000
2.2901,21.115000,0.000000
2.2913,21.115000,0.000000
2.2929,21.115000,0.000000
2.2965,21.115000,0.000000
2.2978,21.115000,0.000000
2.2990,21.115000,0.000000
2.3003,21.115000,0.000000
2.3035,21.115000,0.000000
2.3047,21.115000,0.000000
2.3059,21.115000,0.000000
2.3071,21.115000,0.000000
2.3083,21.115000,0.000000
2.3125,21.115000,0.000000
2.3140,21.115000,0.000000
2.3150,21.115000,0.000000
2.3160,21.115000,0.000000
2.3174,21.115000,0.000000
2.3213,21.115000,0.000000
2.3227,21.115000,0.000000
2.3244,21.115000,0.000000
2.3256,21.115000,0.000000
2.3291,21.115000,0.000000
2.3309,21.115000,0.000000
2.3323,21.115000,0.000000
2.3334,21.115000,0.000000
2.3352,21.115000,0.000000
2.3380,21.115000,0.000000
2.3396,21.115000,0.000000
2.3409,21.115000,0.000000
2.3427,21.115000,0.000000
2.3446,21.115000,0.000000
2.3466,21.115000,0.000000
2.3478,21.115000,0.000000
2.3489,21.115000,0.000000
2.3504,21.115000,0.000000
2.3536,21.115000,0.000000
2.3556,21.115000,0.000000
2.3569,21.115000,0.000000
2.3582,21.115000,0.000000
2.3601,21.115000,0.000000
2.3630,21.115000,0.000000
2.3643,21.115000,0.000000
2.3659,21.115000,0.000000
2.3672,21.115000,0.000000
2.3708,21.115000,0.000000
2.3727,21.115000,0.000000
2.3746,21.115000,0.000000
2.3767,21.115000,0.000000
2.3784,21.115000,0.000000
2.3798,21.115000,0.000000
2.3812,21.115000,0.000000
2.3825,21.115000,0.000000
2.3837,21.115000,0.000000
2.3854,21.115000,0.000000
2.3880,21.115000,0.000000
2.3892,21.115000,0.000000
2.3903,21.115000,0.000000
2.3916,21.115000,0.000000
2.3959,21.115000,0.000000
2.3979,21.115000,0.000000
2.3998,21.115000,0.000000
2.4015,21.115000,0.000000
2.4028,21.115000,0.000000
2.4045,21.115000,0.000000
2.4058,21.115000,0.000000
2.4076,21.115000,0.000000
2.4092,21.115000,0.000000
2.4115,21.115000,0.000000
2.4140,21.115000,0.000000
2.4158,21.115000,0.000000
2.4175,21.115000,0.000000
2.4191,21.115000,0.000000
2.4210,21.115000,0.000000
2.4225,21.115000,0.000000
2.4239,21.115000,0.000000
2.4251,21.115000,0.000000
2.4292,21.115000,0.000000
2.4313,21.115000,0.000000
2.4331,21.115000,0.000000
2.4348,21.115000,0.000000
2.4369,21.115000,0.000000
2.4388,21.115000,0.000000
2.4404,21.115000,0.000000
2.4418,21.115000,0.000000
2.4458,21.115000,0.000000
2.4490,21.115000,0.000000
2.4502,21.115000,0.000000
2.4526,21.115000,0.000000
2.4544,21.115000,0.000000
2.4562,21.115000,0.000000
2.4574,21.115000,0.000000
2.4587,21.115000,0.000000
2.4606,21.115000,0.000000
2.4626,21.115000,0.000000
2.4641,21.115000,0.000000
2.4654,21.115000,0.000000
2.4671,21.115000,0.000000
2.4695,21.115000,0.000000
2.4714,21.115000,0.000000
2.4730,21.115000,0.000000
2.4746,21.115000,0.000000
2.4764,21.115000,0.000000
2.4791,21.115000,0.000000
2.4809,21.115000,0.000000
2.4822,21.115000,0.000000
2.4842,21.115000,0.000000
2.4859,21.115000,0.000000
2.4878,21.115000,0.000000
2.4891,21.115000,0.000000
2.4903,21.115000,0.000000
2.4915,21.115000,0.000000
2.4959,21.115000,0.000000
2.4974,21.115000,0.000000
2.4986,21.115000,0.000000
2.5003,21.115000,0.000000
2.5018,21.115000,0.000000
2.5043,21.115000,0.000000
2.5058,21.115000,0.000000
2.5076,21.115000,0.000000
2.5095,21.115000,0.000000
2.5113,21.115000,0.000000
2.5129,21.115000,0.000000
2.5143,21.115000,0.000000
2.5162,21.115000,0.000000
2.5181,21.115000,0.000000
2.5213,21.115000,0.000000
2.5230,21.115000,0.000000
2.5245,21.115000,0.000000
2.5265,21.115000,0.000000
2.5286,21.115000,0.000000
2.5301,21.115000,0.000000
2.5312,21.115000,0.000000
2.5324,21.115000,0.000000
2.5341,21.115000,0.000000
2.5378,21.115000,0.000000
2.5394,21.115000,0.000000
2.5411,21.115000,0.000000
2.5427,21.115000,0.000000
2.5445,21.115000,0.000000
2.5462,21.115000,0.000000
2.5475,21.115000,0.000000
2.5492,21.115000,0.000000
2.5507,21.115000,0.000000
2.5530,21.115000,0.000000
2.5549,21.115000,0.000000
2.5562,21.115000,0.000000
2.5577,21.115000,0.000000
2.5591,21.115000,0.000000
2.5629,21.115000,0.000000
2.5642,21.115000,0.000000
2.5653,21.115000,0.000000
2.5666,21.115000,0.000000
2.5691,21.115000,0.000000
2.5713,21.115000,0.000000
2.5727,21.115000,0.000000
2.5744,21.115000,0.000000
2.5759,21.115000,0.000000
2.5792,21.115000,0.000000
2.5806,21.115000,0.000000
2.5820,21.115000,0.000000
2.5832,21.115000,0.000000
2.5849,21.115000,0.000000
2.5880,21.115000,0.000000
2.5909,21.115000,0.000000
2.5942,21.115000,0.000000
2.5963,21.115000,0.000000
2.5986,21.115000,0.000000
2.6010,21.115000,0.000000
2.6035,21.115000,0.000000
2.6057,21.115000,0.000000
2.6072,21.115000,0.000000
2.6095,21.115000,0.000000
2.6114,21.115000,0.000000
2.6148,21.115000,0.000000
2.6180,21.115000,0.000000
2.6205,21.115000,0.000000
2.6234,21.115000,0.000000
2.6256,21.115000,0.000000
2.6297,21.115000,0.000000
2.6317,21.115000,0.000000
2.6333,21.115000,0.000000
2.6353,21.115000,0.000000
2.6372,21.115000,0.000000
2.6389,21.115000,0.000000
2.6405,21.115000,0.000000
2.6420,21.115000,0.000000
2.6436,21.115000,0.000000
2.6454,21.115000,0.000000
2.6469,21.115000,0.000000
2.6481,21.115000,0.000000
2.6493,21.115000,0.000000
2.6508,21.115000,0.000000
2.6543,21.115000,0.000000
2.6559,21.115000,0.000000
2.6576,21.115000,0.000000
2.6589,21.115000,0.000000
2.6605,21.115000,0.000000
2.6631,21.115000,0.000000
2.6647,21.115000,0.000000
2.6663,21.115000,0.000000
2.6678,21.115000,0.000000
2.6695,21.115000,0.000000
2.6717,21.115000,0.000000
2.6733,21.115000,0.000000
2.6746,21.115000,0.000000
2.6761,21.115000,0.000000
2.6793,21.115000,0.000000
2.6808,21.115000,0.000000
2.6825,21.115000,0.000000
2.6838,21.115000,0.000000
2.6854,21.115000,0.000000
2.6881,21.115000,0.000000
2.6894,21.115000,0.000000
2.6905,21.115000,0.000000
2.6916,21.115000,0.000000
2.6960,21.115000,0.000000
2.6974,21.115000,0.000000
2.6987,21.115000,0.000000
2.6998,21.115000,0.000000
2.7016,21.115000,0.000000
2.7046,21.115000,0.000000
2.7060,21.115000,0.000000
2.7077,21.115000,0.000000
2.7092,21.115000,0.000000
2.7112,21.115000,0.000000
2.7132,21.115000,0.000000
2.7145,21.115000,0.000000
2.7157,21.115000,0.000000
2.7170,21.115000,0.000000
2.7210,21.115000,0.000000
2.7225,21.115000,0.000000
2.7238,21.115000,0.000000
2.7255,21.115000,0.000000
2.7268,21.115000,0.000000
2.7294,21.115000,0.000000
2.7310,21.115000,0.000000
2.7327,21.115000,0.000000
2.7343,21.115000,0.000000
2.7364,21.115000,0.000000
2.7386,21.115000,0.000000
2.7400,21.115000,0.000000
2.7415,21.115000,0.000000
2.7432,21.115000,0.000000
2.7462,21.115000,0.000000
2.7476,21.115000,0.000000
2.7492,21.115000,0.000000
2.7504,21.115000,0.000000
2.7541,21.115000,0.000000
2.7561,21.115000,0.000000
2.7574,21.115000,0.000000
2.7589,21.115000,0.000000
2.7604,21.115000,0.000000
2.7622,21.115000,0.000000
2.7641,21.115000,0.000000
2.7656,21.115000,0.000000
2.7673,21.115000,0.000000
2.7687,21.115000,0.000000
2.7709,21.115000,0.000000
2.7723,21.115000,0.000000
2.7736,21.115000,0.000000
2.7748,21.115000,0.000000
2.7784,21.115000,0.000000
2.7803,21.115000,0.000000
2.7819,21.115000,0.000000
2.7837,21.115000,0.000000
2.7852,21.115000,0.000000
2.7875,21.115000,0.000000
2.7888,21.115000,0.000000
2.7906,21.115000,0.000000
2.7918,21.115000,0.000000
2.7935,21.115000,0.000000
2.7964,21.115000,0.000000
2.7979,21.115000,0.000000
2.7994,21.115000,0.000000
2.8010,21.115000,0.000000
2.8042,21.115000,0.000000
2.8056,21.115000,0.000000
2.8069,21.115000,0.000000
2.8087,21.115000,0.000000
2.8104,21.115000,0.000000
2.8127,21.115000,0.000000
2.8142,21.115000,0.000000
2.8157,21.115000,0.000000
2.8172,21.115000,0.000000
2.8208,21.115000,0.000000
2.8222,21.115000,0.000000
2.8237,21.115000,0.000000
2.8252,21.115000,0.000000
2.8266,21.115000,0.000000
2.8291,21.115000,0.000000
2.8306,21.115000,0.000000
2.8319,21.115000,0.000000
2.8333,21.115000,0.000000
2.8346,21.115000,0.000000
2.8381,21.115000,0.000000
2.8395,21.115000,0.000000
2.8407,21.115000,0.000000
2.8424,21.115000,0.000000
2.8458,21.115000,0.000000
2.8473,21.115000,0.000000
2.8484,21.115000,0.000000
2.8504,21.115000,0.000000
2.8521,21.115000,0.000000
2.8545,21.115000,0.000000
2.8558,21.115000,0.000000
2.8569,21.115000,0.000000
2.8586,21.115000,0.000000
2.8625,21.115000,0.000000
2.8641,21.115000,0.000000
2.8654,21.115000,0.000000
2.8667,21.115000,0.000000
2.8684,21.115000,0.000000
2.8710,21.115000,0.000000
2.8724,21.115000,0.000000
2.8736,21.115000,0.000000
2.8753,21.115000,0.000000
2.8769,21.115000,0.000000
2.8796,21.115000,0.000000
2.8810,21.115000,0.000000
2.8828,21.115000,0.000000
2.8843,21.115000,0.000000
2.8869,21.115000,0.000000
2.8883,21.115000,0.000000
2.8894,21.115000,0.000000
2.8910,21.115000,0.000000
2.8925,21.115000,0.000000
2.8964,21.115000,0.000000
2.8980,21.115000,0.000000
2.8998,21.115000,0.000000
2.9015,21.115000,0.000000
2.9029,21.115000,0.000000
2.9047,21.115000,0.000000
2.9061,21.115000,0.000000
2.9076,21.115000,0.000000
2.9090,21.115000,0.000000
2.9126,21.115000,0.000000
2.9141,21.115000,0.000000
2.9153,21.115000,0.000000
2.9166,21.115000,0.000000
2.9179,21.115000,0.000000
2.9214,21.115000,0.000000
2.9231,21.115000,0.000000
2.9245,21.115000,0.000000
2.9257,21.115000,0.000000
2.9302,21.115000,0.000000
2.9318,21.115000,0.000000
2.9331,21.115000,0.000000
2.9345,21.115000,0.000000
2.9417,21.115000,0.000000
2.9437,21.115000,0.000000
2.9454,21.115000,0.000000
2.9470,21.115000,0.000000
2.9484,21.115000,0.000000
2.9499,21.115000,0.000000
2.9516,21.115000,0.000000
2.9546,21.115000,0.000000
2.9561,21.115000,0.000000
2.9576,21.115000,0.000000
2.9591,21.115000,0.000000
2.9626,21.115000,0.000000
2.9647,21.115000,0.000000
2.9666,21.115000,0.000000
2.9686,21.115000,0.000000
2.9709,21.115000,0.000000
2.9725,21.115000,0.000000
2.9740,21.115000,0.000000
2.9766,21.115000,0.000000
2.9790,21.115000,0.000000
2.9805,21.115000,0.000000
2.9821,21.115000,0.000000
2.9837,21.115000,0.000000
2.9851,21.115000,0.000000
2.9865,21.115000,0.000000
2.9887,21.115000,0.000000
2.9902,21.115000,0.000000
2.9915,21.115000,0.000000
2.9928,21.115000,0.000000
2.9958,21.115000,0.000000
2.9972,21.115000,0.000000
2.9989,21.115000,0.000000
3.0004,21.115000,0.000000
3.0018,21.115000,0.000000
3.0042,21.115000,0.000000
3.0057,21.115000,0.000000
3.0071,21.115000,0.000000
3.0091,21.115000,0.000000
3.0113,21.115000,0.000000
3.0131,21.115000,0.000000
3.0144,21.115000,0.000000
3.0156,21.115000,0.000000
3.0174,21.115000,0.000000
3.0213,21.115000,0.000000
3.0228,21.115000,0.000000
3.0245,21.115000,0.000000
3.0264,21.115000,0.000000
3.0281,21.115000,0.000000
3.0297,21.115000,0.000000
3.0313,21.115000,0.000000
3.0328,21.115000,0.000000
3.0343,21.115000,0.000000
3.0375,21.115000,0.000000
3.0392,21.115000,0.000000
3.0408,21.115000,0.000000
3.0421,21.115000,0.000000
3.0434,21.115000,0.000000
3.0458,21.115000,0.000000
3.0470,21.115000,0.000000
3.0482,21.115000,0.000000
3.0492,21.115000,0.000000
3.0530,21.115000,0.000000
3.0548,21.115000,0.000000
3.0559,21.115000,0.000000
3.0570,21.115000,0.000000
3.0585,21.115000,0.000000
3.0625,21.115000,0.000000
3.0639,21.115000,0.000000
3.0654,21.115000,0.000000
3.0665,21.115000,0.000000
3.0677,21.115000,0.000000
3.0716,21.115000,0.000000
3.0731,21.115000,0.000000
3.0749,21.115000,0.000000
3.0764,21.115000,0.000000
3.0781,21.115000,0.000000
3.0801,21.115000,0.000000
3.0814,21.115000,0.000000
3.0826,21.115000,0.000000
3.0839,21.115000,0.000000
3.0878,21.115000,0.000000
3.0895,21.115000,0.000000
3.0911,21.115000,0.000000
3.0927,21.115000,0.000000
3.0942,21.115000,0.000000
3.0962,21.115000,0.000000
3.0974,21.115000,0.000000
3.0984,21.115000,0.000000
3.1001,21.115000,0.000000
3.1042,21.115000,0.000000
3.1061,21.115000,0.000000
3.1075,21.115000,0.000000
3.1088,21.115000,0.000000
3.1104,21.115000,0.000000
3.1126,21.115000,0.000000
3.1139,21.115000,0.000000
3.1149,21.115000,0.000000
3.1161,21.115000,0.000000
3.1203,21.115000,0.000000
3.1217,21.115000,0.000000
3.1230,21.115000,0.000000
3.1243,21.115000,0.000000
3.1256,21.115000,0.000000
3.1297,21.115000,0.000000
3.1312,21.115000,0.000000
3.1327,21.115000,0.000000
3.1340,21.115000,0.000000
3.1359,21.115000,0.000000
3.1378,21.115000,0.000000
3.1391,21.115000,0.000000
3.1402,21.115000,0.000000
3.1413,21.115000,0.000000
3.1461,21.115000,0.000000
3.1474,21.115000,0.000000
3.1485,21.115000,0.000000
3.1495,21.115000,0.000000
3.1507,21.115000,0.000000
3.1548,21.115000,0.000000
3.1565,21.115000,0.000000
3.1582,21.115000,0.000000
3.1599,21.115000,0.000000
3.1615,21.115000,0.000000
3.1628,21.115000,0.000000
3.1638,21.115000,0.000000
3.1650,21.115000,0.000000
3.1661,21.115000,0.000000
3.1709,21.115000,0.000000
3.1723,21.115000,0.000000
3.1736,21.115000,0.000000
3.1747,21.115000,0.000000
3.1759,21.115000,0.000000
3.1799,21.115000,0.000000
3.1812,21.115000,0.000000
3.1825,21.115000,0.000000
3.1838,21.115000,0.000000
3.1876,21.115000,0.000000
3.1892,21.115000,0.000000
3.1903,21.115000,0.000000
3.1914,21.115000,0.000000
3.1933,21.115000,0.000000
3.1962,21.115000,0.000000
3.1976,21.115000,0.000000
3.1986,21.115000,0.000000
3.1997,21.115000,0.000000
3.2033,21.115000,0.000000
3.2051,21.115000,0.000000
3.2064,21.115000,0.000000
3.2080,21.115000,0.000000
3.2093,21.115000,0.000000
3.2129,21.115000,0.000000
3.2146,21.115000,0.000000
3.2162,21.115000,0.000000
3.2179,21.115000,0.000000
3.2197,21.115000,0.000000
3.2213,21.115000,0.000000
3.2225,21.115000,0.000000
3.2235,21.115000,0.000000
3.2247,21.115000,0.000000
3.2282,21.115000,0.000000
3.2300,21.115000,0.000000
3.2314,21.115000,0.000000
3.2326,21.115000,0.000000
3.2340,21.115000,0.000000
3.2378,21.115000,0.000000
3.2391,21.115000,0.000000
3.2403,21.115000,0.000000
3.2420,21.115000,0.000000
3.2438,21.115000,0.000000
3.2463,21.115000,0.000000
3.2474,21.115000,0.000000
3.2484,21.115000,0.000000
3.2495,21.115000,0.000000
3.2536,21.115000,0.000000
3.2554,21.115000,0.000000
3.2567,21.115000,0.000000
3.2586,21.115000,0.000000
3.2601,21.115000,0.000000
3.2624,21.115000,0.000000
3.2637,21.115000,0.000000
3.2647,21.115000,0.000000
3.2663,21.115000,0.000000
3.2701,21.115000,0.000000
3.2719,21.115000,0.000000
3.2734,21.115000,0.000000
3.2746,21.115000,0.000000
3.2763,21.115000,0.000000
3.2793,21.115000,0.000000
3.2807,21.115000,0.000000
3.2822,21.115000,0.000000
3.2835,21.115000,0.000000
3.2854,21.115000,0.000000
3.2881,21.115000,0.000000
3.2894,21.115000,0.000000
3.2911,21.115000,0.000000
3.2927,21.115000,0.000000
3.2957,21.115000,0.000000
3.2971,21.115000,0.000000
3.2984,21.115000,0.000000
3.3000,21.115000,0.000000
3.3015,21.115000,0.000000
3.3046,21.115000,0.000000
3.3061,21.115000,0.000000
3.3078,21.115000,0.000000
3.3097,21.115000,0.000000
3.3119,21.115000,0.000000
3.3137,21.115000,0.000000
3.3148,21.115000,0.000000
3.3162,21.115000,0.000000
3.3178,21.115000,0.000000
3.3213,21.115000,0.000000
3.3228,21.115000,0.000000
3.3245,21.115000,0.000000
3.3290,21.115000,0.000000
3.3319,21.115000,0.000000
3.3377,21.115000,0.000000
3.3398,21.115000,0.000000
3.3413,21.115000,0.000000
3.3428,21.115000,0.000000
3.3447,21.115000,0.000000
3.3466,21.115000,0.000000
3.3482,21.115000,0.000000
3.3494,21.115000,0.000000
3.3512,21.115000,0.000000
3.3529,21.115000,0.000000
3.3545,21.115000,0.000000
3.3560,21.115000,0.000000
3.3577,21.115000,0.000000
3.3596,21.115000,0.000000
3.3610,21.115000,0.000000
3.3631,21.115000,0.000000
3.3643,21.115000,0.000000
3.3655,21.115000,0.000000
3.3671,21.115000,0.000000
3.3711,21.115000,0.000000
3.3727,21.115000,0.000000
3.3745,21.115000,0.000000
3.3758,21.115000,0.000000
3.3775,21.115000,0.000000
3.3809,21.115000,0.000000
3.3836,21.115000,0.000000
3.3869,21.115000,0.000000
3.3903,21.115000,0.000000
3.3922,21.115000,0.000000
3.3947,21.115000,0.000000
3.3976,21.115000,0.000000
3.3995,21.115000,0.000000
3.4023,21.115000,0.000000
3.4046,21.115000,0.000000
3.4068,21.115000,0.000000
3.4092,21.115000,0.000000
3.4113,21.115000,0.000000
3.4197,21.115000,0.000000
3.4218,21.115000,0.000000
3.4238,21.115000,0.000000
3.4259,21.115000,0.000000
3.4278,21.115000,0.000000
3.4303,21.115000,0.000000
3.4323,21.115000,0.000000
3.4343,21.115000,0.000000
3.4402,21.115000,0.000000
3.4427,21.115000,0.000000
3.4452,21.115000,0.000000
3.4485,21.115000,0.000000
3.4508,21.115000,0.000000
3.4534,21.115000,0.000000
3.4552,21.115000,0.000000
3.4569,21.115000,0.000000
3.4587,21.115000,0.000000
3.4641,21.115000,0.000000
3.4669,21.115000,0.000000
3.4697,21.115000,0.000000
3.4724,21.115000,0.000000
3.4790,21.115000,0.000000
3.4811,21.115000,0.000000
3.4869,21.115000,0.000000
3.4907,21.115000,0.000000
3.4932,21.115000,0.000000
3.4961,21.115000,0.000000
3.4978,21.115000,0.000000
3.5004,21.115000,0.000000
3.5025,21.115000,0.000000
3.5048,21.115000,0.000000
3.5061,21.115000,0.000000
3.5073,21.115000,0.000000
3.5094,21.115000,0.000000
3.5132,21.115000,0.000000
3.5156,21.115000,0.000000
3.5181,21.115000,0.000000
3.5200,21.115000,0.000000
3.5217,21.115000,0.000000
3.5230,21.115000,0.000000
3.5246,21.115000,0.000000
3.5261,21.115000,0.000000
3.5283,21.115000,0.000000
3.5302,21.115000,0.000000
3.5317,21.115000,0.000000
3.5329,21.115000,0.000000
3.5341,21.115000,0.000000
3.5353,21.115000,0.000000
3.5379,21.115000,0.000000
3.5394,21.115000,0.000000
3.5413,21.115000,0.000000
3.5431,21.115000,0.000000
3.5459,21.115000,0.000000
3.5479,21.115000,0.000000
3.5500,21.115000,0.000000
3.5519,21.115000,0.000000
3.5539,21.115000,0.000000
3.5558,21.115000,0.000000
3.5574,21.115000,0.000000
3.5586,21.115000,0.000000
3.5604,21.115000,0.000000
3.5623,21.115000,0.000000
3.5640,21.115000,0.000000
3.5656,21.115000,0.000000
3.5669,21.115000,0.000000
3.5682,21.115000,0.000000
3.5711,21.115000,0.000000
3.5726,21.115000,0.000000
3.5742,21.115000,0.000000
3.5756,21.115000,0.000000
3.5774,21.115000,0.000000
3.5806,21.115000,0.000000
3.5824,21.115000,0.000000
3.5838,21.115000,0.000000
3.5854,21.115000,0.000000
3.5880,21.115000,0.000000
3.5899,21.115000,0.000000
3.5912,21.115000,0.000000
3.5932,21.115000,0.000000
3.5950,21.115000,0.000000
3.5963,21.115000,0.000000
3.5976,21.115000,0.000000
3.5989,21.115000,0.000000
3.6005,21.115000,0.000000
3.6040,21.115000,0.000000
3.6061,21.115000,0.000000
3.6076,21.115000,0.000000
3.6094,21.115000,0.000000
3.6123,21.115000,0.000000
3.6157,21.115000,0.000000
3.6189,21.115000,0.000000
3.6211,21.115000,0.000000
3.6228,21.115000,0.000000
3.6244,21.115000,0.000000
3.6261,21.115000,0.000000
3.6276,21.115000,0.000000
3.6295,21.115000,0.000000
3.6311,21.115000,0.000000
3.6324,21.115000,0.000000
3.6338,21.115000,0.000000
3.6350,21.115000,0.000000
3.6377,21.115000,0.000000
3.6391,21.115000,0.000000
3.6404,21.115000,0.000000
3.6415,21.115000,0.000000
3.6442,21.115000,0.000000
3.6462,21.115000,0.000000
3.6478,21.115000,0.000000
3.6496,21.115000,0.000000
3.6510,21.115000,0.000000
3.6528,21.115000,0.000000
3.6551,21.115000,0.000000
3.6566,21.115000,0.000000
3.6579,21.115000,0.000000
3.6591,21.115000,0.000000
3.6632,21.115000,0.000000
3.6648,21.115000,0.000000
3.6667,21.115000,0.000000
3.6683,21.115000,0.000000
3.6701,21.115000,0.000000
3.6715,21.115000,0.000000
3.6731,21.115000,0.000000
3.6748,21.115000,0.000000
3.6761,21.115000,0.000000
3.6786,21.115000,0.000000
3.6800,21.115000,0.000000
3.6814,21.115000,0.000000
3.6829,21.115000,0.000000
3.6842,21.115000,0.000000
3.6878,21.115000,0.000000
3.6893,21.115000,0.000000
3.6905,21.115000,0.000000
3.6916,21.115000,0.000000
3.6955,21.115000,0.000000
3.6970,21.115000,0.000000
3.6985,21.115000,0.000000
3.6998,21.115000,0.000000
3.7016,21.115000,0.000000
3.7046,21.115000,0.000000
3.7061,21.115000,0.000000
3.7075,21.115000,0.000000
3.7090,21.115000,0.000000
3.7104,21.115000,0.000000
3.7132,21.115000,0.000000
3.7146,21.115000,0.000000
3.7162,21.115000,0.000000
3.7176,21.115000,0.000000
3.7211,21.115000,0.000000
3.7227,21.115000,0.000000
3.7239,21.115000,0.000000
3.7250,21.115000,0.000000
3.7266,21.115000,0.000000
3.7298,21.115000,0.000000
3.7313,21.115000,0.000000
3.7325,21.115000,0.000000
3.7342,21.115000,0.000000
3.7373,21.115000,0.000000
3.7393,21.115000,0.000000
3.7409,21.115000,0.000000
3.7424,21.115000,0.000000
3.7441,21.115000,0.000000
3.7461,21.115000,0.000000
3.7477,21.115000,0.000000
3.7495,21.115000,0.000000
3.7511,21.115000,0.000000
3.7527,21.115000,0.000000
3.7547,21.115000,0.000000
3.7563,21.115000,0.000000
3.7581,21.115000,0.000000
3.7596,21.115000,0.000000
3.7628,21.115000,0.000000
3.7646,21.115000,0.000000
3.7664,21.115000,0.000000
3.7681,21.115000,0.000000
3.7696,21.115000,0.000000
3.7713,21.115000,0.000000
3.7730,21.115000,0.000000
3.7745,21.115000,0.000000
3.7761,21.115000,0.000000
3.7787,21.115000,0.000000
3.7807,21.115000,0.000000
3.7820,21.115000,0.000000
3.7834,21.115000,0.000000
3.7850,21.115000,0.000000
3.7877,21.115000,0.000000
3.7890,21.115000,0.000000
3.7906,21.115000,0.000000
3.7920,21.115000,0.000000
3.7946,21.115000,0.000000
3.7964,21.115000,0.000000
3.7977,21.115000,0.000000
3.7988,21.115000,0.000000
3.8000,21.115000,0.000000
3.8045,21.115000,0.000000
3.8061,21.115000,0.000000
3.8075,21.115000,0.000000
3.8089,21.115000,0.000000
3.8107,21.115000,0.000000
3.8129,21.115000,0.000000
3.8146,21.115000,0.000000
3.8163,21.115000,0.000000
3.8182,21.115000,0.000000
3.8205,21.115000,0.000000
3.8221,21.115000,0.000000
3.8234,21.115000,0.000000
3.8247,21.115000,0.000000
3.8260,21.115000,0.000000
3.8298,21.115000,0.000000
3.8315,21.115000,0.000000
3.8327,21.115000,0.000000
3.8341,21.115000,0.000000
3.8357,21.115000,0.000000
3.8383,21.115000,0.000000
3.8398,21.115000,0.000000
3.8410,21.115000,0.000000
3.8428,21.115000,0.000000
3.8455,21.115000,0.000000
3.8470,21.115000,0.000000
3.8483,21.115000,0.000000
3.8500,21.115000,0.000000
3.8515,21.115000,0.000000
3.8546,21.115000,0.000000
3.8561,21.115000,0.000000
3.8575,21.115000,0.000000
3.8588,21.115000,0.000000
3.8606,21.115000,0.000000
3.8634,21.115000,0.000000
3.8648,21.115000,0.000000
3.8663,21.115000,0.000000
3.8679,21.115000,0.000000
3.8712,21.115000,0.000000
3.8729,21.115000,0.000000
3.8742,21.115000,0.000000
3.8754,21.115000,0.000000
3.8767,21.115000,0.000000
3.8803,21.115000,0.000000
3.8821,21.115000,0.000000
3.8834,21.115000,0.000000
3.8849,21.115000,0.000000
3.8870,21.115000,0.000000
3.8885,21.115000,0.000000
3.8898,21.115000,0.000000
3.8914,21.115000,0.000000
3.8931,21.115000,0.000000
3.8966,21.115000,0.000000
3.8982,21.115000,0.000000
3.8995,21.115000,0.000000
3.9009,21.115000,0.000000
3.9034,21.115000,0.000000
3.9048,21.115000,0.000000
3.9061,21.115000,0.000000
3.9072,21.115000,0.000000
3.9084,21.115000,0.000000
3.9133,21.115000,0.000000
3.9150,21.115000,0.000000
3.9161,21.115000,0.000000
3.9172,21.115000,0.000000
3.9191,21.115000,0.000000
3.9222,21.115000,0.000000
3.9236,21.115000,0.000000
3.9248,21.115000,0.000000
3.9262,21.115000,0.000000
3.9306,21.115000,0.000000
3.9321,21.115000,0.000000
3.9335,21.115000,0.000000
3.9347,21.115000,0.000000
3.9383,21.115000,0.000000
3.9397,21.115000,0.000000
3.9410,21.115000,0.000000
3.9423,21.115000,0.000000
3.9463,21.115000,0.000000
3.9477,21.115000,0.000000
3.9491,21.115000,0.000000
3.9506,21.115000,0.000000
3.9529,21.115000,0.000000
3.9554,21.115000,0.000000
3.9567,21.115000,0.000000
3.9578,21.115000,0.000000
3.9598,21.115000,0.000000
3.9630,21.115000,0.000000
3.9646,21.115000,0.000000
3.9658,21.115000,0.000000
3.9674,21.115000,0.000000
3.9688,21.115000,0.000000
3.9715,21.115000,0.000000
3.9732,21.115000,0.000000
3.9749,21.115000,0.000000
3.9762,21.115000,0.000000
3.9786,21.115000,0.000000
3.9805,21.115000,0.000000
3.9822,21.115000,0.000000
3.9844,21.115000,0.000000
3.9863,21.115000,0.000000
3.9887,21.115000,0.000000
3.9904,21.115000,0.000000
3.9918,21.115000,0.000000
3.9938,21.115000,0.000000
3.9960,21.115000,0.000000
3.9977,21.115000,0.000000
3.9990,21.115000,0.000000
